"Date","Price","Open","High","Low","Vol.","Change %"
"30/12/2025","85.62","85.47","85.73","85.28","0.32K","-0.20%"
"29/12/2025","85.79","86.58","86.75","85.63","0.31K","-0.64%"
"24/12/2025","86.34","86.70","86.70","86.16","0.10K","-0.59%"
"23/12/2025","86.85","86.18","87.06","85.94","0.63K","1.22%"
"22/12/2025","85.80","85.26","86.14","85.08","3.38K","0.49%"
"19/12/2025","85.38","84.65","85.48","84.45","0.64K","0.67%"
"18/12/2025","84.81","84.79","85.32","83.94","1.06K","-0.36%"
"17/12/2025","85.12","86.02","86.67","84.87","0.54K","-0.64%"
"16/12/2025","85.67","85.52","86.15","85.31","3.04K","0.34%"
"15/12/2025","85.38","85.38","85.51","83.67","6.63K","1.90%"
"12/12/2025","83.79","84.08","84.40","83.40","20.51K","-0.13%"
"11/12/2025","83.90","82.72","84.40","82.72","44.12K","1.80%"
"10/12/2025","82.42","82.62","82.90","81.92","44.60K","-0.52%"
"09/12/2025","82.85","82.10","82.95","81.88","41.00K","1.06%"
"08/12/2025","81.98","81.74","82.58","81.66","33.52K","0.00%"
"05/12/2025","81.98","82.47","82.74","81.61","39.01K","-0.55%"
"04/12/2025","82.43","81.55","82.68","81.28","48.55K","0.78%"
"03/12/2025","81.79","81.88","82.36","81.22","46.31K","-0.04%"
"02/12/2025","81.82","82.50","82.56","81.51","47.75K","-0.99%"
"01/12/2025","82.64","83.00","83.37","82.53","39.25K","-0.74%"
"28/11/2025","83.26","82.26","83.32","82.26","33.71K","1.28%"
"27/11/2025","82.21","81.69","82.52","81.01","55.62K","0.65%"
"26/11/2025","81.68","82.01","82.34","81.30","46.71K","-0.23%"
"25/11/2025","81.87","80.54","82.20","80.49","45.25K","1.56%"
"24/11/2025","80.61","80.30","80.90","79.57","45.78K","0.25%"
"21/11/2025","80.41","80.85","81.00","80.04","32.45K","-1.17%"
"20/11/2025","81.36","80.66","81.89","80.66","28.33K","0.87%"
"19/11/2025","80.66","80.89","81.59","80.20","32.51K","-0.69%"
"18/11/2025","81.22","79.91","81.45","79.52","40.88K","1.63%"
"17/11/2025","79.92","81.45","81.45","79.78","34.46K","-1.25%"
"14/11/2025","80.93","81.28","81.75","80.44","28.11K","-0.50%"
"13/11/2025","81.34","82.16","82.79","80.92","41.70K","-0.70%"
"12/11/2025","81.91","80.79","82.37","80.79","41.00K","1.56%"
"11/11/2025","80.65","80.01","80.90","79.50","36.43K","0.86%"
"10/11/2025","79.96","79.55","80.35","78.91","28.31K","0.62%"
"07/11/2025","79.47","80.35","80.68","79.42","32.54K","-0.87%"
"06/11/2025","80.17","81.24","81.24","80.12","33.90K","-1.62%"
"05/11/2025","81.49","82.00","82.23","80.89","26.68K","-1.00%"
"04/11/2025","82.31","81.20","82.41","81.06","34.67K","1.37%"
"03/11/2025","81.20","78.78","81.75","78.78","47.92K","3.39%"
"31/10/2025","78.54","78.79","79.13","78.01","20.29K","-0.17%"
"30/10/2025","78.67","78.86","79.54","78.54","22.19K","-0.18%"
"29/10/2025","78.81","78.65","79.13","78.18","21.72K","0.63%"
"28/10/2025","78.32","77.94","78.88","77.50","23.63K","0.71%"
"27/10/2025","77.77","78.30","78.30","77.01","23.00K","-0.70%"
"24/10/2025","78.32","78.49","78.89","77.91","17.20K","-0.15%"
"23/10/2025","78.44","78.48","79.19","78.02","25.44K","-0.03%"
"22/10/2025","78.46","79.40","79.64","78.15","24.52K","-1.41%"
"21/10/2025","79.58","79.81","79.99","78.92","22.99K","-0.30%"
"20/10/2025","79.82","79.50","79.96","78.65","25.31K","0.45%"
"17/10/2025","79.46","78.99","79.90","78.12","32.20K","-0.06%"
"16/10/2025","79.51","78.06","79.69","77.61","27.00K","2.09%"
"15/10/2025","77.88","76.73","78.30","76.68","26.10K","1.25%"
"14/10/2025","76.92","77.90","77.90","76.69","32.10K","-1.54%"
"13/10/2025","78.12","79.54","79.74","77.76","32.33K","-1.96%"
"10/10/2025","79.68","79.22","80.37","79.01","31.64K","0.57%"
"09/10/2025","79.23","78.90","79.54","78.04","25.18K","0.28%"
"08/10/2025","79.01","78.14","79.29","77.90","19.36K","0.89%"
"07/10/2025","78.31","78.75","79.13","78.00","27.64K","-0.56%"
"06/10/2025","78.75","79.72","80.11","78.61","31.03K","-0.52%"
"03/10/2025","79.16","77.65","79.55","77.52","33.99K","2.23%"
"02/10/2025","77.43","76.35","77.80","76.11","31.99K","1.44%"
"01/10/2025","76.33","75.61","76.56","74.51","33.97K","0.81%"
"30/09/2025","75.72","76.79","76.80","75.57","24.55K","-1.39%"
"29/09/2025","76.79","75.85","76.97","75.06","27.91K","1.07%"
"26/09/2025","75.98","75.53","76.10","75.10","20.19K","0.29%"
"25/09/2025","75.76","76.03","76.59","75.36","25.39K","-0.34%"
"24/09/2025","76.02","76.64","76.78","75.77","22.11K","-1.00%"
"23/09/2025","76.79","76.21","77.25","75.77","25.55K","0.76%"
"22/09/2025","76.21","77.69","77.69","75.91","27.29K","-1.73%"
"19/09/2025","77.55","77.65","77.75","77.01","18.70K","-0.37%"
"18/09/2025","77.84","76.94","78.23","76.83","26.38K","1.12%"
"17/09/2025","76.98","77.50","78.45","76.69","31.13K","-0.68%"
"16/09/2025","77.51","77.05","78.26","76.49","32.48K","0.99%"
"15/09/2025","76.75","75.60","77.06","75.11","29.11K","1.29%"
"12/09/2025","75.77","75.34","76.03","75.10","21.58K","0.30%"
"11/09/2025","75.54","77.17","77.30","75.30","34.84K","-2.02%"
"10/09/2025","77.10","77.00","77.58","76.25","25.23K","0.26%"
"09/09/2025","76.90","77.00","77.23","76.00","31.66K","-0.35%"
"08/09/2025","77.17","76.05","77.32","75.50","28.61K","1.49%"
"05/09/2025","76.04","75.29","76.25","75.29","27.46K","0.80%"
"04/09/2025","75.44","75.00","75.71","74.58","27.45K","0.65%"
"03/09/2025","74.95","73.46","75.05","73.42","28.90K","1.82%"
"02/09/2025","73.61","74.12","74.44","73.36","28.08K","-0.49%"
"01/09/2025","73.97","72.90","74.55","72.78","32.66K","1.34%"
"29/08/2025","72.99","71.72","73.05","71.60","23.41K","1.77%"
"28/08/2025","71.72","72.34","72.34","71.31","24.62K","-0.72%"
"27/08/2025","72.24","72.72","73.30","71.93","19.03K","-0.70%"
"26/08/2025","72.75","72.04","72.98","71.58","21.04K","0.78%"
"25/08/2025","72.19","72.51","72.60","71.82","15.15K","-0.47%"
"22/08/2025","72.53","72.60","72.80","72.26","14.90K","-0.12%"
"21/08/2025","72.62","71.49","72.76","71.06","26.99K","1.87%"
"20/08/2025","71.29","71.30","71.54","70.65","17.71K","0.18%"
"19/08/2025","71.16","71.65","72.08","71.03","21.75K","-0.92%"
"18/08/2025","71.82","70.89","71.99","70.30","22.94K","1.61%"
"15/08/2025","70.68","71.02","71.31","70.28","16.55K","-0.39%"
"14/08/2025","70.96","71.88","71.88","70.57","27.41K","-1.09%"
"13/08/2025","71.74","71.50","72.15","71.26","14.85K","0.34%"
"12/08/2025","71.50","72.29","72.42","71.37","17.89K","-1.20%"
"11/08/2025","72.37","72.98","73.15","72.00","18.80K","-1.15%"
"08/08/2025","73.21","71.96","73.35","71.80","28.22K","2.01%"
"07/08/2025","71.77","70.73","72.01","70.30","25.41K","1.10%"
"06/08/2025","70.99","71.39","71.71","70.75","17.20K","-0.84%"
"05/08/2025","71.59","70.86","71.74","70.50","21.04K","1.04%"
"04/08/2025","70.85","71.00","71.33","70.15","22.02K","-0.27%"
"01/08/2025","71.04","72.30","72.43","71.00","27.57K","-2.23%"
"31/07/2025","72.66","72.64","73.07","72.22","20.49K","-0.27%"
"30/07/2025","72.86","73.18","73.35","72.52","15.02K","-0.30%"
"29/07/2025","73.08","70.73","73.30","70.40","32.11K","3.44%"
"28/07/2025","70.65","71.50","72.25","70.06","24.47K","-0.97%"
"25/07/2025","71.34","71.11","71.50","70.64","17.46K","0.65%"
"24/07/2025","70.88","69.83","71.18","69.23","30.79K","2.19%"
"23/07/2025","69.36","69.34","69.99","69.00","19.48K","0.36%"
"22/07/2025","69.11","69.91","69.91","68.86","24.53K","-1.03%"
"21/07/2025","69.83","70.12","70.55","69.72","20.62K","-0.09%"
"18/07/2025","69.89","70.55","71.03","69.84","18.03K","-0.94%"
"17/07/2025","70.55","71.16","71.39","70.32","20.01K","-1.07%"
"16/07/2025","71.31","71.28","72.39","70.84","18.06K","-0.28%"
"15/07/2025","71.51","70.30","71.65","69.99","19.39K","1.55%"
"14/07/2025","70.42","70.10","71.39","69.52","23.69K","-0.18%"
"11/07/2025","70.55","70.60","71.00","69.64","21.76K","-0.27%"
"10/07/2025","70.74","70.37","71.55","70.31","18.58K","0.50%"
"09/07/2025","70.39","70.45","71.08","69.89","17.80K","-0.04%"
"08/07/2025","70.42","71.22","71.46","70.28","20.66K","-1.10%"
"07/07/2025","71.20","71.70","71.99","70.62","17.58K","-0.66%"
"04/07/2025","71.67","72.32","72.32","71.25","12.91K","-0.54%"
"03/07/2025","72.06","71.70","72.79","71.06","22.29K","0.18%"
"02/07/2025","71.93","70.59","72.29","70.55","21.00K","1.91%"
"01/07/2025","70.58","69.11","70.89","68.90","25.72K","2.33%"
"30/06/2025","68.97","71.03","71.08","68.71","27.54K","-2.80%"
"27/06/2025","70.96","70.42","71.14","70.11","24.51K","0.80%"
"26/06/2025","70.40","71.08","71.50","70.26","35.18K","-1.05%"
"25/06/2025","71.15","73.24","73.40","70.96","31.98K","-3.25%"
"24/06/2025","73.54","73.00","74.57","72.60","38.63K","0.37%"
"23/06/2025","73.27","72.85","73.50","72.43","26.60K","1.57%"
"20/06/2025","72.14","72.09","72.36","71.74","2.28K","0.32%"
"19/06/2025","71.91","74.02","74.12","70.95","4.20K","-2.51%"
"18/06/2025","73.76","74.04","74.40","73.40","0.37K","-0.04%"
"17/06/2025","73.79","74.61","74.63","73.75","0.77K","-0.94%"
"16/06/2025","74.49","74.94","75.02","74.00","0.72K","-0.80%"
"13/06/2025","75.09","75.21","75.78","75.05","0.93K","0.71%"
"12/06/2025","74.56","73.47","74.80","72.66","1.41K","1.40%"
"11/06/2025","73.53","72.53","73.78","72.49","3.76K","2.32%"
"10/06/2025","71.86","73.28","73.28","71.55","0.97K","-2.11%"
"09/06/2025","73.41","73.00","73.48","73.00","0.00K","1.02%"
"06/06/2025","72.67","72.11","72.94","72.00","1.11K","1.06%"
"05/06/2025","71.91","71.80","73.10","71.58","1.57K","0.15%"
"04/06/2025","71.80","72.06","72.70","71.51","0.90K","0.03%"
"03/06/2025","71.78","70.30","72.00","69.98","1.21K","2.40%"
"02/06/2025","70.10","70.10","71.20","69.69","1.04K","0.70%"
"30/05/2025","69.61","69.96","70.70","69.43","2.61K","-0.77%"
"29/05/2025","70.15","72.05","72.62","69.95","2.40K","-1.56%"
"28/05/2025","71.26","70.15","71.77","70.15","1.19K","0.44%"
"27/05/2025","70.95","72.21","72.21","70.90","0.87K","-1.77%"
"26/05/2025","72.23","72.10","72.56","71.46","0.01K","2.08%"
"23/05/2025","70.76","71.40","71.48","69.25","0.21K","-0.77%"
"22/05/2025","71.31","72.58","72.58","71.14","1.76K","-0.82%"
"21/05/2025","71.90","72.30","72.37","71.54","0.13K","-0.61%"
"20/05/2025","72.34","71.83","71.94","71.79","0.34K","3.92%"
"19/05/2025","69.61","70.00","70.00","68.99","1.11K","-0.78%"
"16/05/2025","70.16","72.67","72.74","70.15","0.45K","-3.33%"
"15/05/2025","72.58","72.43","72.84","72.42","1.56K","1.52%"
"14/05/2025","71.49","71.25","71.58","70.91","1.28K","-0.79%"
"13/05/2025","72.06","72.10","72.10","72.10","0.71K","-0.70%"
"12/05/2025","72.57","71.81","72.63","71.81","0.91K","4.27%"
"09/05/2025","69.60","70.23","70.34","69.65","1.01K","-0.47%"
"08/05/2025","69.93","70.32","70.32","69.88","0.05K","-0.48%"
"07/05/2025","70.27","69.70","70.45","69.70","2.55K","2.60%"
"06/05/2025","68.49","68.00","68.60","68.00","0.29K","2.64%"
"05/05/2025","66.73","66.25","66.94","66.25","0.65K","-1.87%"
"02/05/2025","68.00","67.92","68.18","67.70","0.76K","2.60%"
"01/05/2025","66.28","66.26","66.39","66.26","0.15K","0.70%"
"30/04/2025","65.82","65.14","65.70","65.14","1.10K","2.67%"
"29/04/2025","64.11","63.78","64.17","63.78","0.12K","-0.73%"
"28/04/2025","64.58","65.00","65.22","64.39","1.59K","-1.69%"
"25/04/2025","65.69","65.69","65.85","65.58","1.10K","0.17%"
"24/04/2025","65.58","64.75","65.51","64.74","0.33K","-0.86%"
"23/04/2025","66.15","65.50","65.83","65.50","1.56K","3.91%"
"22/04/2025","63.66","64.47","64.47","63.66","1.13K","-2.24%"
"17/04/2025","65.12","65.04","65.14","64.84","2.93K","-1.60%"
"16/04/2025","66.18","64.83","66.74","64.83","1.72K","1.16%"
"15/04/2025","65.42","65.42","65.42","65.42","2.22K","-0.49%"
"14/04/2025","65.74","65.67","65.90","65.67","0.96K","2.59%"
"11/04/2025","64.08","61.94","62.03","61.16","0.12K","4.40%"
"10/04/2025","61.38","62.43","62.43","60.98","1.08K","1.91%"
"09/04/2025","60.23","60.14","60.32","59.85","0.01K","-1.75%"
"08/04/2025","61.30","60.98","62.21","60.16","0.13K","-1.32%"
"07/04/2025","62.12","60.50","63.79","59.70","0.15K","-1.52%"
"04/04/2025","63.08","64.84","64.84","62.03","0.64K","-3.33%"
"03/04/2025","65.25","66.35","66.35","65.10","0.85K","-3.60%"
"02/04/2025","67.69","68.77","68.77","67.56","0.05K","-1.87%"
"01/04/2025","68.98","68.47","69.01","68.47","0.13K","2.76%"
"31/03/2025","67.13","67.10","67.12","66.40","0.04K","-1.15%"
"28/03/2025","67.91","67.90","67.95","67.86","2.04K","0.37%"
"27/03/2025","67.66","67.78","67.82","67.21","2.06K","-3.22%"
"26/03/2025","69.91","69.09","69.92","69.09","0.89K","0.55%"
"25/03/2025","69.53","69.71","69.71","69.30","0.37K","-1.49%"
"24/03/2025","70.58","70.55","70.72","70.48","1.54K","0.81%"
"21/03/2025","70.01","72.49","72.49","70.00","3.76K","-2.14%"
"20/03/2025","71.54","72.20","72.43","71.40","2.83K","-0.58%"
"19/03/2025","71.96","70.59","72.39","70.51","6.67K","2.98%"
"18/03/2025","69.88","69.16","70.05","68.48","2.19K","1.73%"
"17/03/2025","68.69","69.23","69.23","68.16","0.27K","-1.25%"
"14/03/2025","69.56","69.16","70.28","68.98","0.58K","0.56%"
"13/03/2025","69.17","68.24","70.14","67.41","0.83K","1.41%"
"12/03/2025","68.21","66.92","68.32","65.91","2.28K","2.03%"
"11/03/2025","66.85","67.75","67.90","66.21","0.60K","-1.07%"
"10/03/2025","67.57","67.03","68.56","66.50","2.97K","0.54%"
"07/03/2025","67.21","65.48","68.00","65.48","2.08K","1.94%"
"06/03/2025","65.93","67.36","67.73","65.50","2.37K","-2.18%"
"05/03/2025","67.40","66.95","68.13","66.74","1.29K","0.40%"
"04/03/2025","67.13","69.98","69.98","66.51","1.45K","-4.26%"
"03/03/2025","70.12","70.91","71.29","69.88","0.81K","0.81%"
"28/02/2025","69.56","71.80","71.95","69.37","0.79K","-2.47%"
"27/02/2025","71.32","69.77","71.70","69.66","2.07K","2.53%"
"26/02/2025","69.56","69.96","70.98","69.26","0.22K","-1.00%"
"25/02/2025","70.26","72.06","72.07","69.68","0.99K","-2.61%"
"24/02/2025","72.14","72.78","72.79","70.69","0.45K","-0.32%"
"21/02/2025","72.37","71.22","73.25","71.22","0.20K","1.74%"
"20/02/2025","71.13","71.95","72.17","70.82","1.10K","-1.85%"
"19/02/2025","72.47","74.39","74.67","72.15","2.50K","-2.28%"
"18/02/2025","74.16","75.40","75.75","73.09","0.31K","-1.92%"
"17/02/2025","75.61","77.67","77.70","75.26","1.06K","-3.21%"
"14/02/2025","78.12","75.81","78.18","75.74","0.30K","2.20%"
"13/02/2025","76.44","78.01","78.33","76.35","2.62K","-2.80%"
"12/02/2025","78.64","80.30","80.30","78.50","2.69K","-2.82%"
"11/02/2025","80.92","80.61","82.16","80.07","0.63K","-0.46%"
"10/02/2025","81.29","81.53","82.55","81.20","0.61K","0.79%"
"07/02/2025","80.65","80.15","81.00","79.70","0.78K","0.44%"
"06/02/2025","80.30","79.36","81.06","79.32","1.14K","1.02%"
"05/02/2025","79.49","79.08","80.87","78.28","0.42K","0.33%"
"04/02/2025","79.23","79.39","80.00","78.06","1.23K","-0.09%"
"03/02/2025","79.30","81.73","81.73","78.50","1.42K","-3.52%"
"31/01/2025","82.19","81.41","82.60","81.08","0.39K","1.58%"
"30/01/2025","80.91","81.04","82.67","80.57","0.44K","-0.33%"
"29/01/2025","81.18","79.37","81.93","79.34","0.87K","3.35%"
"28/01/2025","78.55","77.50","78.66","77.15","1.74K","1.16%"
"27/01/2025","77.65","79.41","79.43","77.54","3.07K","-2.88%"
"24/01/2025","79.95","79.38","80.00","78.30","1.14K","1.13%"
"23/01/2025","79.06","77.70","80.05","77.70","6.36K","2.29%"
"22/01/2025","77.29","78.29","78.29","76.87","0.88K","-1.67%"
"21/01/2025","78.60","78.30","78.68","76.33","1.44K","0.36%"
"20/01/2025","78.32","77.40","78.37","76.93","1.87K","0.93%"
"17/01/2025","77.60","76.23","78.57","76.23","1.15K","1.19%"
"16/01/2025","76.69","75.93","76.75","75.81","2.27K","0.46%"
"15/01/2025","76.34","76.15","77.22","76.15","0.33K","1.30%"
"14/01/2025","75.36","75.22","75.59","74.24","0.98K","0.03%"
"13/01/2025","75.34","74.00","75.35","74.00","0.13K","2.73%"
"10/01/2025","73.34","71.68","73.60","71.06","0.61K","1.89%"
"09/01/2025","71.98","71.00","72.19","70.10","0.32K","1.81%"
"08/01/2025","70.70","72.62","72.68","70.64","0.30K","-2.56%"
"07/01/2025","72.56","72.34","73.01","71.52","0.68K","-0.43%"
"06/01/2025","72.87","73.99","73.99","72.48","0.11K","-2.12%"
"03/01/2025","74.45","73.94","74.70","73.61","0.62K","0.96%"
"02/01/2025","73.74","72.46","73.86","70.84","0.38K","3.03%"
"31/12/2024","71.57","70.88","72.09","70.88","0.19K","1.40%"
"30/12/2024","70.58","69.53","70.64","69.05","0.57K","0.61%"
"27/12/2024","70.15","68.97","70.38","68.76","0.38K","3.04%"
"24/12/2024","68.08","68.13","68.57","67.78","0.16K","-0.31%"
"23/12/2024","68.29","66.38","68.74","66.36","0.86K","2.15%"
"20/12/2024","66.85","67.00","67.00","66.10","2.54K","0.74%"
"19/12/2024","66.36","64.10","66.65","63.59","1.67K","4.34%"
"18/12/2024","63.60","63.12","64.27","62.98","5.59K","1.02%"
"17/12/2024","62.96","63.66","64.46","62.89","1.19K","-1.58%"
"16/12/2024","63.97","64.67","64.81","63.52","0.95K","-1.75%"
"13/12/2024","65.11","66.64","67.29","64.82","5.67K","-2.54%"
"12/12/2024","66.81","69.23","69.43","66.28","7.39K","-3.68%"
"11/12/2024","69.36","68.75","70.16","68.68","5.78K","0.68%"
"10/12/2024","68.89","66.86","69.37","66.86","2.25K","3.80%"
"09/12/2024","66.37","68.55","68.70","65.93","47.07K","-2.84%"
"06/12/2024","68.31","67.25","68.74","66.92","29.00K","1.44%"
"05/12/2024","67.34","67.81","68.69","66.91","28.10K","-0.77%"
"04/12/2024","67.86","68.01","68.28","67.28","29.53K","-0.92%"
"03/12/2024","68.49","68.90","69.25","67.85","29.00K","-0.49%"
"02/12/2024","68.83","68.55","70.14","68.10","33.72K","0.63%"
"29/11/2024","68.40","67.85","68.54","67.13","22.28K","1.14%"
"28/11/2024","67.63","68.13","68.91","67.53","25.89K","-1.23%"
"27/11/2024","68.47","69.24","69.38","67.70","26.00K","-1.10%"
"26/11/2024","69.23","69.70","69.75","68.25","34.26K","-0.90%"
"25/11/2024","69.86","69.75","71.54","69.24","32.35K","0.85%"
"22/11/2024","69.27","70.49","70.96","69.01","39.97K","-1.03%"
"21/11/2024","69.99","68.46","70.78","68.45","40.08K","2.35%"
"20/11/2024","68.38","68.02","69.40","67.89","27.20K","0.37%"
"19/11/2024","68.13","69.47","69.83","67.84","35.33K","-1.99%"
"18/11/2024","69.51","67.28","70.03","66.96","38.33K","2.21%"
"15/11/2024","68.01","68.25","68.80","66.75","32.70K","-0.38%"
"14/11/2024","68.27","66.72","68.46","66.61","37.66K","2.96%"
"13/11/2024","66.31","67.12","67.24","65.39","34.37K","-1.81%"
"12/11/2024","67.53","67.50","67.77","65.76","33.59K","-0.06%"
"11/11/2024","67.57","67.27","68.80","66.92","32.43K","-0.66%"
"08/11/2024","68.02","66.25","68.28","65.96","36.64K","3.00%"
"07/11/2024","66.04","63.78","66.29","63.65","30.69K","3.58%"
"06/11/2024","63.76","64.00","64.19","62.37","32.21K","-0.84%"
"05/11/2024","64.30","65.46","65.69","64.10","24.33K","-1.41%"
"04/11/2024","65.22","64.09","65.89","64.00","25.33K","2.11%"
"01/11/2024","63.87","63.78","64.96","63.22","24.86K","-1.10%"
"31/10/2024","64.58","65.48","65.95","63.54","27.40K","-1.36%"
"30/10/2024","65.47","66.85","67.19","64.94","25.80K","-2.69%"
"29/10/2024","67.28","66.82","67.75","66.14","33.57K","1.33%"
"28/10/2024","66.40","66.25","66.61","64.61","27.99K","-0.85%"
"25/10/2024","66.97","66.61","67.36","66.08","31.31K","0.51%"
"24/10/2024","66.63","64.95","67.57","64.75","41.94K","2.68%"
"23/10/2024","64.89","62.35","65.36","61.71","30.50K","4.24%"
"22/10/2024","62.25","61.90","62.56","61.29","26.27K","0.79%"
"21/10/2024","61.76","62.45","62.95","61.36","23.68K","-0.83%"
"18/10/2024","62.28","63.00","63.47","62.22","21.06K","-1.11%"
"17/10/2024","62.98","63.03","63.64","62.63","20.47K","-0.08%"
"16/10/2024","63.03","64.84","65.63","62.80","28.45K","-3.16%"
"15/10/2024","65.09","65.41","65.59","64.17","25.00K","-1.33%"
"14/10/2024","65.97","64.75","66.18","63.85","23.33K","2.09%"
"11/10/2024","64.62","64.90","65.09","63.75","25.05K","-0.58%"
"10/10/2024","65.00","62.52","65.21","62.04","30.19K","4.82%"
"09/10/2024","62.01","60.19","62.71","59.95","36.11K","2.85%"
"08/10/2024","60.29","61.92","61.92","60.07","31.76K","-2.38%"
"07/10/2024","61.76","61.52","62.50","60.06","61.01K","-0.47%"
"04/10/2024","62.05","62.04","62.57","61.41","25.34K","-1.13%"
"03/10/2024","62.76","62.56","62.96","62.01","23.40K","0.26%"
"02/10/2024","62.60","63.90","65.04","62.54","35.78K","-1.59%"
"01/10/2024","63.61","65.23","65.23","62.75","48.31K","-2.97%"
"30/09/2024","65.56","66.46","66.97","65.13","25.80K","-1.16%"
"27/09/2024","66.33","66.00","66.46","65.28","21.37K","-0.29%"
"26/09/2024","66.52","65.25","66.75","64.34","31.10K","1.96%"
"25/09/2024","65.24","64.28","65.59","63.65","33.93K","2.14%"
"24/09/2024","63.87","64.21","64.93","63.53","30.76K","-0.36%"
"23/09/2024","64.10","63.70","64.72","63.34","27.18K","1.12%"
"20/09/2024","63.39","63.50","64.15","62.88","24.41K","0.91%"
"19/09/2024","62.82","63.93","65.42","62.39","49.40K","-1.38%"
"18/09/2024","63.70","64.49","64.88","63.21","22.57K","-0.99%"
"17/09/2024","64.34","63.20","65.16","62.45","33.43K","1.79%"
"16/09/2024","63.21","64.85","64.97","63.15","","-2.74%"
"13/09/2024","64.99","65.25","65.94","64.60","25.95K","-0.70%"
"12/09/2024","65.45","66.08","66.43","65.11","24.04K","-1.43%"
"11/09/2024","66.40","65.14","66.53","64.71","31.44K","2.28%"
"10/09/2024","64.92","66.27","67.18","64.76","34.48K","-2.41%"
"09/09/2024","66.52","66.50","67.45","66.06","24.49K","0.03%"
"06/09/2024","66.50","66.10","67.74","66.04","33.39K","0.45%"
"05/09/2024","66.20","66.79","67.68","65.95","33.56K","-1.19%"
"04/09/2024","67.00","68.10","68.47","66.75","28.04K","-1.70%"
"03/09/2024","68.16","70.41","70.44","68.10","34.50K","-3.22%"
"02/09/2024","70.43","70.03","70.99","69.56","24.52K","0.18%"
"30/08/2024","70.30","71.09","71.45","69.96","20.56K","-1.07%"
"29/08/2024","71.06","70.65","71.23","70.08","20.68K","0.41%"
"28/08/2024","70.77","71.51","72.21","70.35","22.67K","-1.01%"
"27/08/2024","71.49","70.67","71.93","70.24","20.82K","1.42%"
"26/08/2024","70.49","71.10","71.75","70.07","17.22K","-0.90%"
"23/08/2024","71.13","71.51","72.37","70.62","16.66K","-0.61%"
"22/08/2024","71.57","72.42","72.64","71.17","22.10K","-0.79%"
"21/08/2024","72.14","73.29","73.83","71.68","20.05K","-1.27%"
"20/08/2024","73.07","72.94","74.75","72.65","30.00K","-0.10%"
"19/08/2024","73.14","72.50","73.80","72.01","20.35K","0.85%"
"16/08/2024","72.52","72.19","72.98","71.50","14.66K","0.57%"
"15/08/2024","72.11","71.98","72.23","70.48","22.49K","0.33%"
"14/08/2024","71.87","71.35","72.44","71.26","15.75K","0.81%"
"13/08/2024","71.29","72.14","73.06","71.14","25.78K","-1.87%"
"12/08/2024","72.65","70.08","74.13","69.46","39.26K","3.58%"
"09/08/2024","70.14","71.00","71.86","69.61","20.31K","-1.29%"
"08/08/2024","71.06","71.19","71.73","69.72","25.35K","0.69%"
"07/08/2024","70.57","69.96","71.43","69.10","23.50K","0.93%"
"06/08/2024","69.92","69.28","70.39","69.07","18.05K","1.54%"
"05/08/2024","68.86","69.75","69.75","67.86","23.05K","-2.24%"
"02/08/2024","70.44","71.18","71.31","69.45","23.24K","-1.03%"
"01/08/2024","71.17","69.55","71.50","68.83","29.18K","2.79%"
"31/07/2024","69.24","68.95","69.44","68.04","20.38K","0.96%"
"30/07/2024","68.58","68.67","69.29","67.47","20.66K","-0.29%"
"29/07/2024","68.78","67.70","68.90","67.20","16.08K","1.58%"
"26/07/2024","67.71","66.90","68.15","66.79","12.68K","0.94%"
"25/07/2024","67.08","68.91","68.91","66.65","21.15K","-2.64%"
"24/07/2024","68.90","65.79","69.02","65.55","26.23K","4.73%"
"23/07/2024","65.79","64.82","66.22","64.26","19.17K","1.54%"
"22/07/2024","64.79","66.28","66.73","64.25","25.44K","-1.83%"
"19/07/2024","66.00","66.35","67.49","65.73","15.46K","-0.17%"
"18/07/2024","66.11","66.43","66.98","66.01","17.93K","-0.47%"
"17/07/2024","66.42","68.01","68.13","66.41","19.67K","-2.24%"
"16/07/2024","67.94","67.85","68.27","67.16","18.32K","0.53%"
"15/07/2024","67.58","69.58","69.58","67.10","22.05K","-2.55%"
"12/07/2024","69.35","68.55","69.52","67.69","18.19K","1.21%"
"11/07/2024","68.52","68.15","68.83","67.60","16.48K","0.82%"
"10/07/2024","67.96","68.66","69.40","67.86","15.81K","-0.82%"
"09/07/2024","68.52","69.15","69.19","68.18","16.72K","-0.75%"
"08/07/2024","69.04","70.59","71.85","68.80","25.02K","-1.86%"
"05/07/2024","70.35","70.12","71.15","69.94","12.63K","0.24%"
"04/07/2024","70.18","70.76","71.16","69.83","19.11K","-1.03%"
"03/07/2024","70.91","70.67","71.95","70.00","25.07K","-0.03%"
"02/07/2024","70.93","68.30","71.03","67.52","27.02K","3.81%"
"01/07/2024","68.33","67.41","69.68","67.13","19.71K","1.44%"
"28/06/2024","67.36","66.71","68.40","65.79","22.06K","1.31%"
"27/06/2024","66.49","67.03","67.78","66.42","19.50K","-1.10%"
"26/06/2024","67.23","68.35","69.09","66.80","22.83K","-0.84%"
"25/06/2024","67.80","67.45","68.07","66.85","20.56K","0.36%"
"24/06/2024","67.56","68.02","68.27","67.01","25.78K","-0.72%"
"21/06/2024","68.05","69.51","69.51","67.94","18.86K","-1.65%"
"20/06/2024","69.19","70.60","71.59","69.07","21.09K","-2.19%"
"19/06/2024","70.74","68.74","70.81","68.50","20.84K","3.45%"
"18/06/2024","68.38","68.26","69.25","67.72","25.05K","0.32%"
"17/06/2024","68.16","68.70","69.21","67.63","22.76K","-0.54%"
"14/06/2024","68.53","70.75","71.09","68.18","32.67K","-3.30%"
"13/06/2024","70.87","70.30","71.99","70.30","18.92K","0.81%"
"12/06/2024","70.30","70.45","71.75","69.97","20.42K","-0.16%"
"11/06/2024","70.41","70.80","72.17","69.87","22.85K","-0.71%"
"10/06/2024","70.91","71.14","71.20","69.29","27.32K","-0.71%"
"07/06/2024","71.42","71.78","71.88","71.02","14.70K","-0.15%"
"06/06/2024","71.53","71.82","72.98","71.25","19.25K","-0.65%"
"05/06/2024","72.00","72.72","73.26","70.96","25.06K","-0.80%"
"04/06/2024","72.58","74.52","74.71","72.27","29.74K","-2.75%"
"03/06/2024","74.63","74.44","77.80","74.25","29.51K","0.76%"
"31/05/2024","74.07","75.48","76.42","73.85","19.01K","-1.50%"
"30/05/2024","75.20","73.66","75.84","73.37","19.23K","1.69%"
"29/05/2024","73.95","74.50","75.60","72.95","21.29K","-0.87%"
"28/05/2024","74.60","75.99","76.24","74.15","20.35K","-2.50%"
"27/05/2024","76.51","75.70","76.99","75.58","11.68K","0.96%"
"24/05/2024","75.78","76.10","76.70","73.90","20.91K","-0.42%"
"23/05/2024","76.10","76.50","78.10","75.52","28.44K","-0.74%"
"22/05/2024","76.67","75.83","77.50","75.50","26.14K","0.62%"
"21/05/2024","76.20","74.18","76.64","73.05","27.58K","2.64%"
"20/05/2024","74.24","71.00","74.90","71.00","28.80K","5.28%"
"17/05/2024","70.52","70.50","71.52","69.60","19.40K","-0.38%"
"16/05/2024","70.79","69.09","71.27","68.88","19.43K","2.31%"
"15/05/2024","69.19","70.20","71.83","69.09","22.11K","-1.30%"
"14/05/2024","70.10","70.02","71.32","69.02","15.41K","0.04%"
"13/05/2024","70.07","71.33","71.49","68.75","24.98K","-2.12%"
"10/05/2024","71.59","73.50","75.50","71.28","22.20K","-2.76%"
"09/05/2024","73.62","71.40","74.08","71.13","14.64K","2.36%"
"08/05/2024","71.92","71.03","72.70","69.61","21.90K","1.51%"
"07/05/2024","70.85","73.25","74.30","70.57","31.16K","-3.83%"
"06/05/2024","73.67","71.74","74.49","71.52","18.25K","2.55%"
"03/05/2024","71.84","72.69","74.55","71.45","25.96K","-1.17%"
"02/05/2024","72.69","67.88","73.18","67.25","38.25K","7.04%"
"01/05/2024","67.91","69.19","69.26","67.35","12.26K","-1.86%"
"30/04/2024","69.20","65.95","69.60","65.38","26.24K","5.17%"
"29/04/2024","65.80","67.00","67.35","65.01","18.42K","-2.53%"
"26/04/2024","67.51","68.21","69.20","66.57","18.84K","-1.32%"
"25/04/2024","68.41","67.00","69.92","66.54","27.09K","2.33%"
"24/04/2024","66.85","66.25","67.45","64.80","22.73K","0.71%"
"23/04/2024","66.38","66.39","67.21","65.34","22.88K","-0.03%"
"22/04/2024","66.40","68.00","68.19","66.02","25.67K","-3.09%"
"19/04/2024","68.52","72.57","73.30","68.13","28.40K","-4.23%"
"18/04/2024","71.55","69.90","72.22","68.15","31.33K","1.73%"
"17/04/2024","70.33","74.13","74.48","69.24","37.88K","-5.28%"
"16/04/2024","74.25","70.26","74.90","69.87","36.63K","5.83%"
"15/04/2024","70.16","71.55","71.64","69.12","29.52K","-2.07%"
"12/04/2024","71.64","68.60","71.81","68.07","46.29K","4.08%"
"11/04/2024","68.83","62.98","68.92","62.81","47.86K","9.51%"
"10/04/2024","62.85","63.82","65.07","62.30","25.55K","-1.74%"
"09/04/2024","63.96","63.39","64.64","62.53","27.84K","0.90%"
"08/04/2024","63.39","60.72","63.77","59.69","32.01K","3.90%"
"05/04/2024","61.01","58.87","61.15","58.26","25.37K","4.49%"
"04/04/2024","58.39","57.50","59.24","57.10","22.26K","1.46%"
"03/04/2024","57.55","59.29","59.43","56.91","23.14K","-2.29%"
"02/04/2024","58.90","61.22","61.50","58.56","27.64K","-4.89%"
"28/03/2024","61.93","62.50","62.89","61.32","","-1.09%"
"27/03/2024","62.61","62.50","63.31","61.08","22.31K","-0.62%"
"26/03/2024","63.00","64.45","65.74","62.16","33.89K","-2.84%"
"25/03/2024","64.84","61.69","65.49","61.68","33.71K","5.43%"
"22/03/2024","61.50","59.10","62.06","58.80","24.38K","3.59%"
"21/03/2024","59.37","60.04","60.26","58.80","22.93K","-1.07%"
"20/03/2024","60.01","61.30","61.46","59.99","21.68K","-2.12%"
"19/03/2024","61.31","61.30","62.87","59.65","26.86K","-0.18%"
"18/03/2024","61.42","59.50","62.32","59.50","33.59K","3.44%"
"15/03/2024","59.38","58.90","60.25","58.14","27.06K","0.99%"
"14/03/2024","58.80","55.85","59.18","55.08","30.35K","5.24%"
"13/03/2024","55.87","56.86","57.90","55.65","23.40K","-1.98%"
"12/03/2024","57.00","56.26","57.08","55.24","26.90K","1.55%"
"11/03/2024","56.13","58.22","58.24","55.80","28.03K","-4.05%"
"08/03/2024","58.50","59.00","60.20","57.80","22.80K","-1.58%"
"07/03/2024","59.44","58.79","61.09","57.40","36.11K","1.11%"
"06/03/2024","58.79","60.25","62.80","58.09","44.52K","-2.02%"
"05/03/2024","60.00","57.28","61.23","56.73","48.66K","4.75%"
"04/03/2024","57.28","56.40","57.77","53.50","33.98K","1.72%"
"01/03/2024","56.31","56.50","56.84","55.08","22.85K","-0.23%"
"29/02/2024","56.44","57.53","57.81","55.25","27.04K","-1.35%"
"28/02/2024","57.21","56.21","58.87","55.45","38.36K","2.23%"
"27/02/2024","55.96","53.76","56.14","52.45","30.42K","3.96%"
"26/02/2024","53.83","52.11","54.52","51.55","23.89K","2.51%"
"23/02/2024","52.51","52.90","53.01","51.12","26.23K","-0.15%"
"22/02/2024","52.59","54.48","54.48","52.37","22.36K","-3.52%"
"21/02/2024","54.51","54.05","54.98","53.28","18.58K","0.55%"
"20/02/2024","54.21","53.50","55.04","51.86","30.45K","2.01%"
"19/02/2024","53.14","57.11","57.11","52.90","29.61K","-6.95%"
"16/02/2024","57.11","57.95","58.21","56.29","20.13K","-1.45%"
"15/02/2024","57.95","56.44","59.05","56.13","28.07K","2.68%"
"14/02/2024","56.44","56.43","57.57","55.41","23.61K","-0.37%"
"13/02/2024","56.65","57.20","57.89","55.65","23.80K","-0.96%"
"12/02/2024","57.20","58.64","58.80","56.59","24.58K","-2.72%"
"09/02/2024","58.80","60.50","60.50","58.20","26.39K","-3.15%"
"08/02/2024","60.71","62.50","62.50","60.27","26.07K","-2.58%"
"07/02/2024","62.32","63.35","63.68","62.25","17.67K","-1.84%"
"06/02/2024","63.49","62.79","63.97","62.00","19.28K","1.44%"
"05/02/2024","62.59","63.80","64.31","62.07","19.16K","-1.43%"
"02/02/2024","63.50","62.05","64.37","61.90","17.96K","1.89%"
"01/02/2024","62.32","64.16","64.87","62.10","22.15K","-3.23%"
"31/01/2024","64.40","63.92","65.14","62.94","21.32K","0.59%"
"30/01/2024","64.02","61.63","64.02","61.30","22.87K","3.64%"
"29/01/2024","61.77","63.60","64.06","61.58","22.58K","-2.11%"
"26/01/2024","63.10","63.15","65.03","62.10","21.96K","-0.49%"
"25/01/2024","63.41","66.43","66.43","62.90","25.61K","-3.63%"
"24/01/2024","65.80","63.36","66.10","63.16","25.09K","4.00%"
"23/01/2024","63.27","62.00","63.80","61.60","20.28K","1.38%"
"22/01/2024","62.41","63.03","63.03","60.86","21.64K","-1.59%"
"19/01/2024","63.42","63.37","64.23","62.93","15.14K","0.22%"
"18/01/2024","63.28","63.09","64.13","62.50","18.19K","-0.05%"
"17/01/2024","63.31","65.39","66.07","62.86","25.63K","-3.33%"
"16/01/2024","65.49","66.98","67.40","65.05","22.43K","-2.11%"
"15/01/2024","66.90","66.00","67.46","64.61","22.19K","4.86%"
"12/01/2024","63.80","66.93","66.93","63.00","0.51K","-3.27%"
"11/01/2024","65.96","67.67","67.70","65.20","1.06K","-2.60%"
"10/01/2024","67.72","70.30","70.50","67.47","0.75K","-3.12%"
"09/01/2024","69.90","69.50","70.73","69.25","0.48K","-0.09%"
"08/01/2024","69.96","73.68","73.75","69.89","0.78K","-5.42%"
"05/01/2024","73.97","73.32","74.54","73.18","0.38K","0.26%"
"04/01/2024","73.78","75.45","76.10","73.10","1.39K","-2.17%"
"03/01/2024","75.42","74.20","75.58","74.20","0.21K","1.80%"
"02/01/2024","74.09","78.17","78.22","73.04","0.69K","-4.99%"
"29/12/2023","77.98","78.00","78.61","77.28","","0.05%"
"28/12/2023","77.94","77.69","78.02","76.98","0.94K","0.26%"
"27/12/2023","77.74","77.27","78.57","77.08","0.96K","1.04%"
"22/12/2023","76.94","75.88","77.08","75.00","0.45K","1.40%"
"21/12/2023","75.88","73.50","76.42","73.50","0.82K","3.66%"
"20/12/2023","73.20","69.75","73.55","69.75","1.45K","4.93%"
"19/12/2023","69.76","69.99","69.99","68.75","1.04K","0.22%"
"18/12/2023","69.61","68.26","71.38","67.03","4.27K","3.02%"
"15/12/2023","67.57","66.76","67.82","66.22","12.69K","1.26%"
"14/12/2023","66.73","69.12","70.16","65.99","23.65K","-3.12%"
"13/12/2023","68.88","68.21","69.98","68.01","26.59K","0.94%"
"12/12/2023","68.24","67.30","68.60","66.88","23.04K","1.34%"
"11/12/2023","67.34","68.50","68.50","66.26","29.08K","-1.87%"
"08/12/2023","68.62","70.00","70.76","68.45","22.24K","-1.93%"
"07/12/2023","69.97","68.86","70.19","68.65","22.52K","1.46%"
"06/12/2023","68.96","69.11","70.00","68.37","23.02K","0.07%"
"05/12/2023","68.91","70.72","70.88","68.42","30.66K","-2.16%"
"04/12/2023","70.43","72.03","72.08","70.15","31.64K","-2.79%"
"01/12/2023","72.45","70.79","73.13","70.57","21.53K","2.68%"
"30/11/2023","70.56","70.55","71.71","70.44","26.25K","-0.31%"
"29/11/2023","70.78","72.33","73.25","70.56","28.53K","-2.37%"
"28/11/2023","72.50","73.04","73.71","72.01","23.92K","-0.78%"
"27/11/2023","73.07","76.34","76.50","72.79","28.36K","-4.43%"
"24/11/2023","76.46","76.68","77.19","76.00","13.70K","-0.14%"
"23/11/2023","76.57","75.30","77.22","74.88","20.68K","1.96%"
"22/11/2023","75.10","75.37","76.20","74.88","18.87K","-0.15%"
"21/11/2023","75.21","76.61","76.71","75.08","16.44K","-1.89%"
"20/11/2023","76.66","76.63","77.80","76.15","15.54K","0.56%"
"17/11/2023","76.23","77.09","77.68","76.02","15.96K","-1.26%"
"16/11/2023","77.20","79.80","79.89","76.49","23.12K","-3.26%"
"15/11/2023","79.80","78.57","80.27","78.57","20.26K","1.57%"
"14/11/2023","78.57","77.39","79.09","76.60","19.81K","1.99%"
"13/11/2023","77.04","78.50","78.92","76.17","19.75K","-1.86%"
"10/11/2023","78.50","77.69","78.85","76.29","18.97K","1.55%"
"09/11/2023","77.30","75.65","77.69","75.19","22.23K","2.52%"
"08/11/2023","75.40","75.28","76.38","74.84","19.63K","0.05%"
"07/11/2023","75.36","75.71","76.50","74.86","21.35K","-0.69%"
"06/11/2023","75.88","77.48","77.48","75.60","18.33K","-1.71%"
"03/11/2023","77.20","78.61","79.70","77.10","19.75K","-2.35%"
"02/11/2023","79.06","78.35","79.20","76.24","34.24K","0.51%"
"01/11/2023","78.66","79.40","80.16","78.37","19.68K","-0.94%"
"31/10/2023","79.41","78.65","79.50","78.15","21.72K","0.80%"
"30/10/2023","78.78","79.45","80.98","78.48","24.81K","-0.73%"
"27/10/2023","79.36","79.64","80.36","79.30","15.86K","-0.28%"
"26/10/2023","79.58","79.94","80.71","79.49","18.95K","-0.44%"
"25/10/2023","79.93","80.74","80.98","79.75","18.43K","-0.91%"
"24/10/2023","80.66","80.26","81.34","80.21","17.18K","0.45%"
"23/10/2023","80.30","81.39","81.50","80.06","17.53K","-1.68%"
"20/10/2023","81.67","81.98","82.50","81.05","15.05K","-0.40%"
"19/10/2023","82.00","81.70","82.24","80.84","17.07K","0.26%"
"18/10/2023","81.79","82.61","83.35","81.52","15.86K","-1.04%"
"17/10/2023","82.65","83.29","83.66","81.45","16.43K","-0.91%"
"16/10/2023","83.41","85.58","85.93","82.99","18.29K","-2.63%"
"13/10/2023","85.66","85.23","86.60","84.73","22.82K","0.25%"
"12/10/2023","85.45","83.78","85.69","83.50","16.72K","1.99%"
"11/10/2023","83.78","84.68","85.03","83.50","21.43K","-1.13%"
"10/10/2023","84.74","81.87","85.06","81.60","26.15K","3.81%"
"09/10/2023","81.63","80.65","81.96","80.00","16.51K","1.25%"
"06/10/2023","80.62","80.85","81.15","80.00","12.05K","-0.30%"
"05/10/2023","80.86","81.85","82.37","80.30","15.01K","-1.17%"
"04/10/2023","81.82","79.87","82.39","79.56","20.90K","2.53%"
"03/10/2023","79.80","80.70","80.91","79.52","23.91K","-1.12%"
"02/10/2023","80.70","81.42","81.66","80.62","14.76K","-0.92%"
"29/09/2023","81.45","83.00","83.24","81.42","11.38K","-2.00%"
"28/09/2023","83.11","81.83","83.24","81.82","11.32K","1.53%"
"27/09/2023","81.86","83.00","83.05","81.61","14.84K","-0.79%"
"26/09/2023","82.51","84.99","85.13","82.51","16.30K","-2.80%"
"25/09/2023","84.89","85.95","85.95","84.77","14.09K","-0.48%"
"22/09/2023","85.30","83.94","86.05","83.65","18.47K","1.03%"
"21/09/2023","84.43","82.70","84.61","81.70","16.17K","2.02%"
"20/09/2023","82.76","81.60","82.97","80.51","18.19K","1.80%"
"19/09/2023","81.30","80.97","81.69","80.55","12.94K","0.52%"
"18/09/2023","80.88","82.18","82.65","80.74","16.52K","-1.49%"
"15/09/2023","82.10","82.88","84.09","81.86","14.31K","-1.00%"
"14/09/2023","82.93","83.71","84.07","82.45","14.48K","-0.99%"
"13/09/2023","83.76","81.25","83.83","80.57","22.49K","3.25%"
"12/09/2023","81.12","81.85","82.41","80.98","17.50K","-0.75%"
"11/09/2023","81.73","81.79","82.51","81.36","13.80K","0.13%"
"08/09/2023","81.62","83.52","84.00","81.28","17.11K","-2.01%"
"07/09/2023","83.29","83.67","84.28","82.67","16.85K","-0.49%"
"06/09/2023","83.70","83.95","84.81","83.11","15.69K","-0.25%"
"05/09/2023","83.91","84.18","84.81","83.60","16.54K","-0.20%"
"04/09/2023","84.08","85.63","85.63","83.75","13.97K","-1.82%"
"01/09/2023","85.64","86.03","86.32","85.00","11.95K","-0.45%"
"31/08/2023","86.03","86.10","87.28","85.58","11.31K","0.03%"
"30/08/2023","86.00","84.91","86.63","84.64","13.34K","1.18%"
"29/08/2023","85.00","85.72","86.49","84.52","12.48K","-0.70%"
"28/08/2023","85.60","85.40","86.50","84.79","8.13K","0.41%"
"25/08/2023","85.25","85.06","86.42","84.50","13.46K","0.05%"
"24/08/2023","85.21","87.35","87.35","85.10","18.77K","-3.17%"
"23/08/2023","88.00","89.96","90.23","87.35","19.87K","-2.23%"
"22/08/2023","90.01","87.85","90.39","87.76","19.57K","2.46%"
"21/08/2023","87.85","88.62","88.70","86.86","11.65K","-0.23%"
"18/08/2023","88.05","88.68","89.09","87.27","12.86K","-0.90%"
"17/08/2023","88.85","88.60","89.87","87.70","15.80K","0.30%"
"16/08/2023","88.58","87.64","88.89","87.35","15.60K","1.97%"
"15/08/2023","86.87","88.23","88.60","86.70","13.02K","-1.23%"
"14/08/2023","87.95","86.57","88.13","86.00","13.26K","1.32%"
"11/08/2023","86.80","84.90","86.92","84.00","10.94K","2.66%"
"10/08/2023","84.55","84.24","85.21","83.03","12.82K","0.77%"
"09/08/2023","83.90","84.34","85.82","83.50","17.02K","-0.08%"
"08/08/2023","83.97","82.70","84.47","82.31","14.58K","1.61%"
"07/08/2023","82.64","83.55","84.56","82.56","13.37K","-0.92%"
"04/08/2023","83.41","84.99","85.63","83.30","11.73K","-1.18%"
"03/08/2023","84.41","83.23","85.80","83.10","16.35K","1.45%"
"02/08/2023","83.20","84.65","84.99","83.01","21.26K","-1.68%"
"01/08/2023","84.62","86.85","87.83","84.40","22.39K","-2.52%"
"31/07/2023","86.81","88.34","89.42","86.37","15.97K","-2.13%"
"28/07/2023","88.70","90.92","90.92","88.16","16.24K","-2.44%"
"27/07/2023","90.92","90.79","91.28","89.23","15.51K","0.17%"
"26/07/2023","90.77","92.32","93.50","90.34","16.55K","-1.70%"
"25/07/2023","92.34","91.25","92.52","91.14","14.27K","1.15%"
"24/07/2023","91.29","91.82","92.59","90.53","14.37K","-0.58%"
"21/07/2023","91.82","90.80","92.30","90.33","14.12K","1.08%"
"20/07/2023","90.84","88.95","91.24","88.75","17.57K","2.09%"
"19/07/2023","88.98","88.10","89.40","87.05","15.48K","0.91%"
"18/07/2023","88.18","86.78","88.32","86.25","14.99K","1.61%"
"17/07/2023","86.78","85.93","86.81","85.18","12.73K","0.50%"
"14/07/2023","86.35","85.82","87.65","85.82","10.62K","0.55%"
"13/07/2023","85.88","85.86","86.96","85.32","11.32K","0.06%"
"12/07/2023","85.83","87.03","88.32","85.68","15.76K","-1.40%"
"11/07/2023","87.05","86.34","87.22","85.11","15.21K","0.92%"
"10/07/2023","86.26","86.16","87.17","85.48","12.70K","0.13%"
"07/07/2023","86.15","86.05","87.85","85.83","12.12K","-0.16%"
"06/07/2023","86.29","85.70","86.45","85.33","14.12K","0.56%"
"05/07/2023","85.81","87.06","87.32","85.71","15.08K","-2.14%"
"04/07/2023","87.69","87.41","88.10","86.68","10.26K","0.13%"
"03/07/2023","87.58","89.12","89.83","87.18","13.06K","-2.22%"
"30/06/2023","89.57","88.10","89.61","87.11","12.88K","1.63%"
"29/06/2023","88.13","87.34","88.82","87.24","12.33K","-0.09%"
"28/06/2023","88.21","89.67","89.70","86.98","13.96K","-0.99%"
"27/06/2023","89.09","86.49","89.17","85.80","14.66K","3.01%"
"26/06/2023","86.49","87.69","89.65","85.89","16.58K","-1.21%"
"23/06/2023","87.55","90.90","90.90","87.55","14.05K","-3.74%"
"22/06/2023","90.95","90.20","91.20","88.33","18.31K","0.11%"
"21/06/2023","90.85","94.41","95.40","90.39","27.35K","-3.87%"
"20/06/2023","94.51","93.09","96.00","92.85","23.51K","1.37%"
"19/06/2023","93.23","91.70","93.65","90.30","15.15K","1.43%"
"16/06/2023","91.92","92.92","93.18","90.50","19.81K","-1.09%"
"15/06/2023","92.93","93.51","95.18","91.51","29.19K","-0.74%"
"14/06/2023","93.62","90.46","93.99","89.91","28.12K","3.20%"
"13/06/2023","90.72","88.00","91.03","86.91","30.35K","2.83%"
"12/06/2023","88.22","86.75","88.46","84.88","17.45K","2.41%"
"09/06/2023","86.14","83.75","87.30","83.50","17.41K","3.35%"
"08/06/2023","83.35","83.99","84.95","82.63","15.10K","-0.61%"
"07/06/2023","83.86","81.64","84.19","80.10","18.61K","2.72%"
"06/06/2023","81.64","83.00","83.48","80.28","17.91K","-1.47%"
"05/06/2023","82.86","79.05","83.25","78.01","23.97K","5.53%"
"02/06/2023","78.52","78.95","80.47","78.52","15.52K","-0.54%"
"01/06/2023","78.95","80.78","81.10","78.47","22.48K","-2.25%"
"31/05/2023","80.77","80.45","81.97","79.32","21.92K","0.49%"
"30/05/2023","80.38","83.05","83.34","80.36","24.55K","-3.16%"
"29/05/2023","83.00","83.01","84.46","82.67","4.74K","-0.16%"
"26/05/2023","83.13","82.75","83.37","81.94","14.76K","0.61%"
"25/05/2023","82.63","85.03","85.15","82.63","20.74K","-2.55%"
"24/05/2023","84.79","85.81","86.26","84.55","13.80K","-1.18%"
"23/05/2023","85.80","87.40","87.72","85.36","16.12K","-1.66%"
"22/05/2023","87.25","89.43","89.71","86.77","15.35K","-2.44%"
"19/05/2023","89.43","89.66","91.24","89.33","12.79K","-0.25%"
"18/05/2023","89.65","88.49","90.21","87.92","9.13K","1.83%"
"17/05/2023","88.04","88.77","89.75","87.55","11.44K","-1.00%"
"16/05/2023","88.93","87.14","89.20","86.66","13.11K","2.05%"
"15/05/2023","87.14","88.50","89.19","86.13","15.99K","-2.01%"
"12/05/2023","88.93","88.54","89.67","88.14","9.38K","0.41%"
"11/05/2023","88.57","89.22","90.12","87.68","16.42K","-0.55%"
"10/05/2023","89.06","87.69","89.75","87.20","16.36K","1.77%"
"09/05/2023","87.51","85.57","87.75","85.20","14.24K","2.24%"
"08/05/2023","85.59","85.00","85.99","84.50","6.33K","0.74%"
"05/05/2023","84.96","84.66","86.90","84.30","12.00K","0.54%"
"04/05/2023","84.50","85.29","85.71","83.25","17.53K","-0.76%"
"03/05/2023","85.15","89.00","89.35","84.00","24.91K","-3.81%"
"02/05/2023","88.52","85.66","90.82","85.42","21.01K","3.37%"
"01/05/2023","85.63","87.39","88.36","85.50","4.52K","-2.30%"
"28/04/2023","87.65","86.49","88.11","86.13","11.92K","1.12%"
"27/04/2023","86.68","85.94","87.90","85.40","18.54K","0.51%"
"26/04/2023","86.24","86.90","87.00","85.16","19.49K","-0.66%"
"25/04/2023","86.81","88.58","88.91","86.53","20.94K","-1.98%"
"24/04/2023","88.56","90.11","90.11","87.59","17.79K","-1.45%"
"21/04/2023","89.86","91.95","92.41","89.25","16.35K","-2.05%"
"20/04/2023","91.74","94.45","94.66","91.18","18.42K","-2.81%"
"19/04/2023","94.39","95.30","96.47","94.18","12.80K","-0.80%"
"18/04/2023","95.15","92.98","95.60","92.33","14.37K","2.41%"
"17/04/2023","92.91","94.14","94.75","92.16","11.40K","-1.28%"
"14/04/2023","94.11","94.39","94.99","93.16","11.55K","-0.30%"
"13/04/2023","94.39","96.15","96.50","93.10","14.93K","-1.95%"
"12/04/2023","96.27","97.53","98.21","95.09","16.89K","-1.23%"
"11/04/2023","97.47","96.75","98.43","96.72","12.46K","0.74%"
"06/04/2023","96.75","97.00","97.90","96.00","","-0.27%"
"05/04/2023","97.01","94.97","98.00","94.78","17.83K","2.14%"
"04/04/2023","94.98","96.00","97.35","94.63","15.77K","-1.06%"
"03/04/2023","96.00","91.75","96.16","91.69","15.34K","4.63%"
"31/03/2023","91.75","90.93","92.89","90.71","14.19K","1.05%"
"30/03/2023","90.80","90.43","91.76","89.55","15.57K","0.87%"
"29/03/2023","90.02","89.47","91.10","89.33","12.36K","0.69%"
"28/03/2023","89.40","87.62","90.56","87.62","15.63K","1.44%"
"27/03/2023","88.13","88.02","89.19","86.73","13.64K","3.20%"
"24/03/2023","85.40","89.96","91.02","84.18","1.11K","-5.30%"
"23/03/2023","90.18","87.45","90.40","87.45","1.51K","4.10%"
"22/03/2023","86.63","87.10","87.68","85.50","2.03K","-0.86%"
"21/03/2023","87.38","86.16","88.40","85.69","2.19K","2.58%"
"20/03/2023","85.18","83.70","86.00","82.13","2.39K","-0.46%"
"17/03/2023","85.57","85.68","87.07","83.43","0.64K","0.35%"
"16/03/2023","85.27","88.30","88.30","83.71","2.79K","-1.59%"
"15/03/2023","86.65","90.36","91.23","86.53","1.93K","-3.43%"
"14/03/2023","89.73","92.91","93.54","89.55","1.15K","-3.51%"
"13/03/2023","92.99","96.30","96.30","92.37","2.06K","-3.97%"
"10/03/2023","96.83","95.53","96.93","95.30","2.42K","1.50%"
"09/03/2023","95.40","95.75","96.64","93.86","1.56K","0.68%"
"08/03/2023","94.76","93.52","95.73","93.50","3.12K","2.04%"
"07/03/2023","92.87","91.12","93.59","91.11","1.28K","3.23%"
"06/03/2023","89.96","90.50","91.35","89.05","0.52K","0.77%"
"03/03/2023","89.27","90.00","90.17","88.47","0.71K","-0.92%"
"02/03/2023","90.10","94.77","95.00","89.87","0.40K","-3.94%"
"01/03/2023","93.80","96.10","96.26","93.52","0.39K","-2.17%"
"28/02/2023","95.88","96.90","97.20","95.88","1.01K","-1.05%"
"27/02/2023","96.90","95.64","96.94","95.31","0.55K","2.23%"
"24/02/2023","94.79","94.93","96.03","94.10","0.24K","1.01%"
"23/02/2023","93.84","93.47","94.98","93.26","0.80K","0.42%"
"22/02/2023","93.45","97.12","97.12","93.36","0.26K","-3.78%"
"21/02/2023","97.12","95.43","97.99","94.00","0.53K","2.11%"
"20/02/2023","95.11","94.63","96.70","93.96","0.68K","1.91%"
"17/02/2023","93.33","94.95","95.42","92.55","0.60K","-1.89%"
"16/02/2023","95.13","91.68","95.13","91.68","0.56K","3.96%"
"15/02/2023","91.51","88.51","91.58","88.10","2.06K","3.26%"
"14/02/2023","88.62","90.25","90.25","87.24","0.75K","-0.82%"
"13/02/2023","89.35","90.10","90.63","89.00","0.24K","-1.21%"
"10/02/2023","90.44","88.00","90.44","88.00","1.21K","2.20%"
"09/02/2023","88.49","87.60","89.92","87.23","0.53K","1.03%"
"08/02/2023","87.59","87.20","88.96","86.70","0.14K","-0.35%"
"07/02/2023","87.90","88.20","88.36","86.50","0.29K","-0.07%"
"06/02/2023","87.96","90.44","92.34","87.80","0.44K","-3.23%"
"03/02/2023","90.90","91.82","92.98","90.41","0.75K","0.28%"
"02/02/2023","90.65","92.80","93.96","89.23","1.06K","-2.16%"
"01/02/2023","92.65","90.00","94.26","90.00","0.61K","2.80%"
"31/01/2023","90.13","87.18","90.33","86.43","2.81K","3.35%"
"30/01/2023","87.21","87.05","87.56","85.84","1.54K","0.31%"
"27/01/2023","86.94","86.81","88.00","86.37","1.19K","0.15%"
"26/01/2023","86.81","82.19","86.90","81.65","0.95K","5.51%"
"25/01/2023","82.28","79.46","82.40","78.90","0.30K","3.34%"
"24/01/2023","79.62","81.93","82.21","79.10","0.65K","-2.67%"
"23/01/2023","81.80","82.59","83.32","81.70","0.44K","-0.97%"
"20/01/2023","82.60","81.92","82.72","81.01","0.84K","0.90%"
"19/01/2023","81.86","80.89","82.73","80.78","0.69K","0.54%"
"18/01/2023","81.42","76.90","81.42","76.85","1.03K","5.45%"
"17/01/2023","77.21","75.25","77.70","74.75","0.56K","2.85%"
"16/01/2023","75.07","76.80","76.98","75.07","0.73K","-2.76%"
"13/01/2023","77.20","77.49","78.00","75.82","0.48K","-0.72%"
"12/01/2023","77.76","76.73","77.90","76.25","0.11K","1.46%"
"11/01/2023","76.64","78.25","79.11","76.24","1.41K","-2.22%"
"10/01/2023","78.38","79.74","79.79","77.94","1.75K","-0.91%"
"09/01/2023","79.10","74.80","79.58","74.80","1.21K","4.70%"
"06/01/2023","75.55","76.00","77.33","75.00","0.43K","-0.91%"
"05/01/2023","76.24","75.35","77.43","74.85","0.84K","1.11%"
"04/01/2023","75.40","80.29","80.29","75.24","0.75K","-6.24%"
"03/01/2023","80.42","83.00","83.00","79.49","0.91K","-3.88%"
"02/01/2023","83.67","80.17","83.68","80.17","0.21K","5.38%"
"30/12/2022","79.40","82.00","82.80","78.23","1.80K","-3.59%"
"29/12/2022","82.36","83.85","83.85","81.87","0.47K","-2.10%"
"28/12/2022","84.13","86.02","86.02","83.85","0.90K","-2.27%"
"27/12/2022","86.08","85.92","88.50","85.55","0.30K","-0.89%"
"23/12/2022","86.85","87.46","88.05","86.08","0.33K","0.00%"
"22/12/2022","86.85","85.71","87.95","84.95","0.49K","1.46%"
"21/12/2022","85.60","86.22","86.22","84.25","1.74K","-1.46%"
"20/12/2022","86.87","84.60","88.02","83.85","0.73K","2.57%"
"19/12/2022","84.69","86.57","86.65","83.85","1.11K","1.21%"
"16/12/2022","83.68","85.24","86.33","83.07","14.70K","-1.78%"
"15/12/2022","85.20","86.19","87.64","85.00","19.65K","-1.15%"
"14/12/2022","86.19","88.44","89.40","84.76","24.19K","-3.15%"
"13/12/2022","88.99","90.15","90.15","87.16","21.22K","-0.91%"
"12/12/2022","89.81","87.50","90.41","87.40","17.50K","2.37%"
"09/12/2022","87.73","88.65","89.16","86.75","15.17K","-1.35%"
"08/12/2022","88.93","88.15","89.54","87.62","17.00K","0.84%"
"07/12/2022","88.19","88.29","88.67","86.13","20.68K","-0.47%"
"06/12/2022","88.61","87.13","89.48","86.00","19.77K","1.65%"
"05/12/2022","87.17","87.85","88.28","85.40","18.11K","-0.92%"
"02/12/2022","87.98","85.03","87.98","84.45","16.95K","3.65%"
"01/12/2022","84.88","84.63","88.69","83.91","22.09K","-0.02%"
"30/11/2022","84.90","81.12","85.25","80.81","26.55K","4.31%"
"29/11/2022","81.39","78.86","81.50","78.05","13.53K","3.56%"
"28/11/2022","78.59","78.92","79.00","76.92","17.25K","-0.48%"
"25/11/2022","78.97","78.71","79.76","78.10","11.48K","0.36%"
"24/11/2022","78.69","76.05","78.75","75.64","14.09K","3.72%"
"23/11/2022","75.87","74.07","76.88","73.61","14.45K","2.71%"
"22/11/2022","73.87","74.70","74.70","73.44","12.48K","-0.55%"
"21/11/2022","74.28","72.44","75.18","71.68","15.86K","2.50%"
"18/11/2022","72.47","72.38","73.99","71.95","19.32K","0.10%"
"17/11/2022","72.40","73.55","74.71","71.89","21.45K","-1.38%"
"16/11/2022","73.41","77.00","77.41","73.08","30.68K","-4.23%"
"15/11/2022","76.65","75.03","77.25","74.00","20.44K","1.89%"
"14/11/2022","75.23","75.69","76.00","74.59","20.13K","-0.80%"
"11/11/2022","75.84","73.33","76.54","73.05","20.33K","3.82%"
"10/11/2022","73.05","72.50","74.29","70.50","27.27K","0.40%"
"09/11/2022","72.76","76.06","76.94","72.55","37.96K","-4.34%"
"08/11/2022","76.06","77.75","77.79","75.55","22.83K","-1.85%"
"07/11/2022","77.49","76.36","78.20","75.54","17.48K","1.48%"
"04/11/2022","76.36","76.50","79.50","76.17","20.66K","0.10%"
"03/11/2022","76.28","76.63","78.20","75.36","26.29K","-0.55%"
"02/11/2022","76.70","77.16","78.57","76.08","13.91K","-0.03%"
"01/11/2022","76.72","79.78","80.69","75.69","20.00K","-4.06%"
"31/10/2022","79.97","81.77","82.00","78.15","13.80K","-1.53%"
"28/10/2022","81.21","80.27","82.58","80.01","18.87K","1.25%"
"27/10/2022","80.21","75.26","81.00","74.90","26.46K","5.83%"
"26/10/2022","75.79","77.25","78.87","74.90","22.98K","-1.71%"
"25/10/2022","77.11","72.41","77.80","71.99","31.49K","6.62%"
"24/10/2022","72.32","69.00","72.66","67.64","23.32K","5.24%"
"21/10/2022","68.72","66.71","69.42","66.66","12.84K","2.77%"
"20/10/2022","66.87","67.23","67.88","66.54","18.01K","-0.62%"
"19/10/2022","67.29","67.25","69.69","66.99","19.13K","-0.71%"
"18/10/2022","67.77","67.29","68.39","66.51","18.00K","0.39%"
"17/10/2022","67.51","68.01","68.63","66.26","16.57K","-0.75%"
"14/10/2022","68.02","68.72","69.00","67.12","13.34K","-1.19%"
"13/10/2022","68.84","66.37","69.50","65.75","26.08K","3.19%"
"12/10/2022","66.71","66.40","68.64","65.01","21.02K","0.56%"
"11/10/2022","66.34","66.90","67.40","65.65","16.72K","-0.64%"
"10/10/2022","66.77","68.98","69.40","65.71","17.06K","-4.41%"
"07/10/2022","69.85","69.20","70.39","67.63","15.42K","1.29%"
"06/10/2022","68.96","66.89","69.49","65.50","15.70K","2.82%"
"05/10/2022","67.07","67.72","71.36","66.54","19.79K","0.22%"
"04/10/2022","66.92","66.62","68.35","65.40","19.88K","1.49%"
"03/10/2022","65.94","66.55","66.73","64.25","14.31K","-1.18%"
"30/09/2022","66.73","64.86","68.66","64.86","16.14K","1.52%"
"29/09/2022","65.73","65.53","66.86","64.14","19.93K","0.89%"
"28/09/2022","65.15","67.80","68.27","64.37","24.12K","-4.13%"
"27/09/2022","67.96","70.33","71.10","67.37","16.53K","-3.37%"
"26/09/2022","70.33","65.15","71.95","64.10","20.57K","6.93%"
"23/09/2022","65.77","70.01","70.30","65.35","22.61K","-6.63%"
"22/09/2022","70.44","69.90","71.12","69.01","12.49K","0.93%"
"21/09/2022","69.79","71.79","71.79","69.10","16.73K","-1.90%"
"20/09/2022","71.14","70.55","73.00","70.26","14.61K","0.06%"
"19/09/2022","71.10","73.32","73.80","70.15","18.64K","-2.96%"
"16/09/2022","73.27","71.85","73.93","71.11","15.44K","1.98%"
"15/09/2022","71.85","72.38","72.55","70.00","27.11K","-0.95%"
"14/09/2022","72.54","70.49","73.80","68.41","21.27K","4.00%"
"13/09/2022","69.75","71.99","72.44","68.01","24.20K","-2.88%"
"12/09/2022","71.82","65.99","72.62","65.73","22.24K","8.69%"
"09/09/2022","66.08","67.05","67.95","65.55","19.89K","-1.73%"
"08/09/2022","67.24","69.31","69.31","66.00","24.73K","-2.59%"
"07/09/2022","69.03","69.51","71.11","68.00","28.87K","-1.22%"
"06/09/2022","69.88","74.00","74.71","69.20","36.85K","-6.14%"
"05/09/2022","74.45","77.49","77.49","73.70","29.61K","-4.42%"
"02/09/2022","77.89","80.75","81.22","77.45","19.11K","-3.59%"
"01/09/2022","80.79","80.41","81.35","77.45","28.26K","0.95%"
"31/08/2022","80.03","81.06","81.61","79.00","22.95K","-0.97%"
"30/08/2022","80.81","86.28","86.89","79.92","30.59K","-6.75%"
"29/08/2022","86.66","90.50","90.50","85.69","13.82K","-4.04%"
"26/08/2022","90.31","89.04","90.49","88.06","12.41K","1.12%"
"25/08/2022","89.31","89.20","90.66","87.20","15.31K","0.08%"
"24/08/2022","89.24","90.00","91.39","88.37","16.69K","-0.06%"
"23/08/2022","89.29","92.51","94.19","88.85","20.11K","-3.12%"
"22/08/2022","92.17","98.50","98.69","90.85","20.61K","-5.96%"
"19/08/2022","98.01","96.30","99.22","95.60","14.81K","2.05%"
"18/08/2022","96.04","96.25","97.49","92.70","19.87K","0.25%"
"17/08/2022","95.80","92.35","96.44","92.23","18.64K","4.04%"
"16/08/2022","92.08","90.07","92.66","90.07","18.19K","1.43%"
"15/08/2022","90.78","89.35","90.87","88.50","14.70K","2.15%"
"12/08/2022","88.87","86.90","89.25","86.82","16.55K","1.51%"
"11/08/2022","87.55","85.98","88.03","85.35","15.57K","1.90%"
"10/08/2022","85.92","85.50","86.30","84.25","14.48K","-0.01%"
"09/08/2022","85.93","84.18","86.08","83.95","12.99K","2.53%"
"08/08/2022","83.81","85.00","85.50","83.65","12.98K","-1.12%"
"05/08/2022","84.76","84.31","85.45","83.50","12.35K","0.68%"
"04/08/2022","84.19","83.60","84.85","83.28","17.59K","0.24%"
"03/08/2022","83.99","81.83","84.10","81.65","14.09K","2.49%"
"02/08/2022","81.95","80.15","82.25","79.64","19.58K","1.70%"
"01/08/2022","80.58","78.50","80.87","78.10","11.87K","2.58%"
"29/07/2022","78.55","78.96","79.50","77.54","18.60K","-0.52%"
"28/07/2022","78.96","76.25","80.12","76.07","16.57K","3.70%"
"27/07/2022","76.14","76.61","77.79","75.78","14.50K","-0.70%"
"26/07/2022","76.68","76.69","77.50","75.85","19.52K","0.41%"
"25/07/2022","76.37","76.12","78.42","75.49","22.15K","0.09%"
"22/07/2022","76.30","78.20","79.80","76.00","28.56K","-2.32%"
"21/07/2022","78.11","79.20","79.80","77.65","31.89K","-0.93%"
"20/07/2022","78.84","83.60","83.64","78.70","38.18K","-5.75%"
"19/07/2022","83.65","85.20","85.20","82.80","20.97K","-1.52%"
"18/07/2022","84.94","85.50","85.50","83.70","12.22K","-0.52%"
"15/07/2022","85.38","83.53","85.74","83.51","14.30K","1.68%"
"14/07/2022","83.97","84.10","84.79","83.26","14.52K","0.13%"
"13/07/2022","83.86","86.01","86.57","83.56","14.30K","-2.09%"
"12/07/2022","85.65","84.60","86.06","83.33","16.96K","1.53%"
"11/07/2022","84.36","82.77","84.62","82.70","11.90K","1.90%"
"08/07/2022","82.79","84.92","85.00","82.60","13.96K","-2.51%"
"07/07/2022","84.92","83.50","85.46","82.76","15.02K","2.04%"
"06/07/2022","83.22","82.98","84.64","82.70","13.94K","0.04%"
"05/07/2022","83.19","84.99","84.99","82.52","14.86K","-1.61%"
"04/07/2022","84.55","85.58","87.17","83.50","14.14K","-1.20%"
"01/07/2022","85.58","89.32","90.35","85.01","18.40K","-5.08%"
"30/06/2022","90.16","88.10","90.33","87.30","18.40K","2.05%"
"29/06/2022","88.35","87.42","90.13","87.11","20.93K","1.09%"
"28/06/2022","87.40","84.32","88.06","83.75","15.77K","2.76%"
"27/06/2022","85.05","84.00","85.74","83.00","15.67K","1.94%"
"24/06/2022","83.43","84.28","84.50","83.01","14.64K","-0.83%"
"23/06/2022","84.13","81.75","84.25","81.55","16.81K","2.75%"
"22/06/2022","81.88","84.50","84.83","81.20","21.27K","-3.36%"
"21/06/2022","84.73","84.33","85.43","83.54","14.00K","0.87%"
"20/06/2022","84.00","83.50","85.33","82.90","14.28K","1.98%"
"17/06/2022","82.37","82.90","84.18","81.80","14.47K","-0.76%"
"16/06/2022","83.00","86.20","86.90","82.15","17.93K","-3.71%"
"15/06/2022","86.20","83.76","86.98","83.16","18.14K","2.44%"
"14/06/2022","84.15","81.82","84.50","81.25","16.34K","3.20%"
"13/06/2022","81.54","82.10","82.24","79.81","16.78K","-0.39%"
"10/06/2022","81.86","81.09","82.80","80.15","14.89K","1.05%"
"09/06/2022","81.01","80.25","82.20","79.41","19.64K","1.50%"
"08/06/2022","79.81","80.92","81.98","79.10","27.95K","-1.84%"
"07/06/2022","81.31","82.25","82.93","80.63","18.47K","-0.15%"
"06/06/2022","81.43","87.21","87.21","81.23","16.41K","-6.26%"
"03/06/2022","86.87","86.34","87.33","85.99","4.57K","0.61%"
"02/06/2022","86.34","86.15","88.64","85.62","8.33K","0.30%"
"01/06/2022","86.08","84.22","87.64","83.81","13.34K","2.45%"
"31/05/2022","84.02","84.00","85.00","83.50","12.54K","0.06%"
"30/05/2022","83.97","84.36","85.05","83.09","11.27K","-0.27%"
"27/05/2022","84.20","84.87","85.33","83.45","12.45K","-0.66%"
"26/05/2022","84.76","81.15","85.21","81.11","23.61K","4.13%"
"25/05/2022","81.40","80.84","82.63","80.29","13.83K","0.10%"
"24/05/2022","81.32","78.12","82.66","77.38","19.83K","4.06%"
"23/05/2022","78.15","80.16","82.67","77.80","19.45K","-2.79%"
"20/05/2022","80.39","83.50","84.20","80.16","19.00K","-3.35%"
"19/05/2022","83.18","84.57","85.55","80.16","28.70K","-1.72%"
"18/05/2022","84.64","88.92","90.00","82.77","32.16K","-7.72%"
"17/05/2022","91.72","90.40","92.75","89.61","19.89K","2.41%"
"16/05/2022","89.56","87.70","90.35","87.63","14.99K","1.22%"
"13/05/2022","88.48","88.07","90.50","87.60","13.90K","0.25%"
"12/05/2022","88.26","88.58","89.05","86.71","22.74K","-0.64%"
"11/05/2022","88.83","87.51","90.04","81.90","30.32K","1.71%"
"10/05/2022","87.34","87.00","88.69","85.75","20.37K","0.37%"
"09/05/2022","87.02","91.37","92.22","86.52","29.90K","-4.94%"
"06/05/2022","91.54","89.27","92.45","88.40","23.56K","2.96%"
"05/05/2022","88.91","88.70","91.99","86.82","27.93K","0.68%"
"04/05/2022","88.31","88.15","89.32","85.97","24.45K","0.14%"
"03/05/2022","88.19","83.30","89.06","82.72","23.53K","6.20%"
"02/05/2022","83.04","83.59","84.90","82.44","10.84K","-1.67%"
"29/04/2022","84.45","82.97","85.84","82.29","16.07K","2.14%"
"28/04/2022","82.68","81.48","83.67","79.90","20.23K","2.06%"
"27/04/2022","81.01","81.25","81.94","78.80","22.30K","-2.06%"
"26/04/2022","82.71","84.58","85.25","81.95","22.85K","-0.90%"
"25/04/2022","83.46","88.09","88.32","82.30","24.04K","-6.21%"
"22/04/2022","88.99","85.99","89.89","85.75","22.33K","2.95%"
"21/04/2022","86.44","86.50","87.69","85.58","14.75K","-1.57%"
"20/04/2022","87.82","80.44","88.50","79.79","30.56K","9.50%"
"19/04/2022","80.20","80.14","80.95","79.52","18.38K","0.29%"
"14/04/2022","79.97","77.38","80.25","77.38","15.28K","3.27%"
"13/04/2022","77.44","79.17","79.17","77.23","15.19K","-1.99%"
"12/04/2022","79.01","77.65","79.29","76.85","16.03K","1.36%"
"11/04/2022","77.95","79.75","80.16","77.55","16.22K","-2.67%"
"08/04/2022","80.09","79.63","80.98","79.51","13.93K","0.19%"
"07/04/2022","79.94","77.17","80.40","76.34","19.50K","3.58%"
"06/04/2022","77.18","78.01","79.56","76.71","19.74K","-1.11%"
"05/04/2022","78.05","78.76","78.94","77.44","17.90K","-0.57%"
"04/04/2022","78.50","78.22","79.40","77.14","15.61K","0.01%"
"01/04/2022","78.49","77.00","79.88","76.34","16.91K","2.63%"
"31/03/2022","76.48","78.51","80.50","75.35","35.66K","-2.34%"
"30/03/2022","78.31","81.05","81.62","76.80","37.77K","-4.15%"
"29/03/2022","81.70","80.90","81.99","80.17","25.58K","1.10%"
"28/03/2022","80.81","78.70","81.99","77.87","22.02K","2.81%"
"25/03/2022","78.60","78.26","79.06","77.23","18.50K","0.46%"
"24/03/2022","78.24","76.62","79.24","75.90","16.43K","2.14%"
"23/03/2022","76.60","80.90","81.30","75.85","30.57K","-5.05%"
"22/03/2022","80.67","79.05","81.40","78.61","18.47K","2.91%"
"21/03/2022","78.39","78.72","79.74","77.52","13.94K","-0.63%"
"18/03/2022","78.89","80.00","80.00","78.32","19.04K","-1.25%"
"17/03/2022","79.89","79.18","80.19","76.32","23.82K","2.21%"
"16/03/2022","78.16","77.51","79.11","75.25","22.57K","0.94%"
"15/03/2022","77.43","77.00","79.15","75.01","24.73K","-1.09%"
"14/03/2022","78.28","76.00","81.50","75.81","19.37K","1.98%"
"11/03/2022","76.76","75.93","78.00","73.71","22.27K","0.46%"
"10/03/2022","76.41","72.53","76.68","69.52","32.70K","4.41%"
"09/03/2022","73.18","68.02","74.67","67.22","36.12K","6.82%"
"08/03/2022","68.51","57.40","69.29","56.50","38.50K","17.51%"
"07/03/2022","58.30","64.29","64.29","56.82","47.75K","-10.45%"
"04/03/2022","65.10","66.00","68.74","64.30","35.93K","-3.34%"
"03/03/2022","67.35","68.70","69.49","63.49","40.64K","-1.66%"
"02/03/2022","68.49","70.55","70.96","55.00","78.46K","-0.52%"
"01/03/2022","68.85","82.60","84.43","66.00","78.66K","-16.25%"
"28/02/2022","82.21","85.94","86.00","80.12","36.02K","-6.73%"
"25/02/2022","88.14","88.24","89.70","87.06","20.87K","1.28%"
"24/02/2022","87.03","95.00","95.00","86.15","49.74K","-8.46%"
"23/02/2022","95.07","89.79","95.56","89.54","30.15K","5.90%"
"22/02/2022","89.77","89.90","90.28","88.10","22.31K","0.10%"
"21/02/2022","89.68","89.07","90.95","88.02","19.95K","0.23%"
"18/02/2022","89.47","86.16","89.66","86.16","21.37K","3.51%"
"17/02/2022","86.44","89.84","90.45","85.80","31.59K","-3.81%"
"16/02/2022","89.86","90.29","91.21","87.77","31.05K","-1.40%"
"15/02/2022","91.14","91.48","92.75","90.31","26.15K","-0.68%"
"14/02/2022","91.76","93.70","94.00","89.90","23.37K","-1.20%"
"11/02/2022","92.87","90.50","93.38","88.50","24.98K","2.30%"
"10/02/2022","90.78","91.45","93.42","89.25","28.87K","-0.01%"
"09/02/2022","90.79","96.29","97.60","90.26","35.63K","-6.33%"
"08/02/2022","96.93","97.00","98.49","95.25","30.32K","0.24%"
"07/02/2022","96.70","96.62","96.80","93.70","24.30K","0.26%"
"04/02/2022","96.45","94.89","97.50","94.44","27.89K","1.73%"
"03/02/2022","94.81","94.25","94.94","93.10","22.09K","0.64%"
"02/02/2022","94.21","90.00","94.62","89.60","40.36K","5.24%"
"01/02/2022","89.52","89.74","89.94","87.16","22.35K","0.31%"
"31/01/2022","89.24","89.37","89.95","88.10","17.72K","0.02%"
"28/01/2022","89.22","89.40","90.63","88.88","19.66K","-0.60%"
"27/01/2022","89.76","87.90","89.95","87.90","21.72K","1.24%"
"26/01/2022","88.66","87.37","90.00","86.63","28.00K","1.38%"
"25/01/2022","87.45","84.30","88.10","83.61","28.18K","4.08%"
"24/01/2022","84.02","84.40","86.45","83.02","26.65K","-0.53%"
"21/01/2022","84.47","85.21","85.65","83.28","20.16K","-1.31%"
"20/01/2022","85.59","81.34","85.97","80.53","31.23K","4.26%"
"19/01/2022","82.09","82.80","82.80","80.80","31.78K","-0.70%"
"18/01/2022","82.67","80.40","82.97","79.00","46.23K","2.59%"
"17/01/2022","80.58","82.70","82.75","79.88","15.80K","-1.83%"
"14/01/2022","82.08","82.05","83.75","81.50","24.95K","1.89%"
"13/01/2022","80.56","80.20","81.43","77.55","25.06K","0.69%"
"12/01/2022","80.01","82.70","83.24","79.15","20.17K","-1.59%"
"11/01/2022","81.30","81.40","84.45","80.12","23.49K","1.51%"
"10/01/2022","80.09","86.12","87.00","79.80","30.95K","-6.24%"
"07/01/2022","85.42","86.80","87.61","85.21","15.83K","-1.52%"
"06/01/2022","86.74","87.47","87.80","85.33","13.39K","-0.96%"
"05/01/2022","87.58","85.90","88.55","85.27","20.64K","3.14%"
"04/01/2022","84.91","83.95","86.80","83.81","17.53K","1.07%"
"03/01/2022","84.01","79.80","84.40","79.80","9.98K","4.17%"
"31/12/2021","80.65","79.98","81.25","79.55","3.69K","0.61%"
"30/12/2021","80.16","80.50","80.65","79.25","8.54K","-0.25%"
"29/12/2021","80.36","79.13","80.87","78.11","13.84K","1.35%"
"28/12/2021","79.29","76.80","79.69","76.21","4.61K","3.08%"
"27/12/2021","76.92","75.87","77.13","75.04","3.63K","0.80%"
"24/12/2021","76.31","74.70","76.87","74.51","2.38K","2.48%"
"23/12/2021","74.46","77.50","77.75","74.25","19.47K","-3.08%"
"22/12/2021","76.83","80.07","80.17","75.45","31.50K","-5.08%"
"21/12/2021","80.94","80.52","82.85","78.09","18.01K","1.06%"
"20/12/2021","80.09","74.00","81.75","73.42","28.04K","8.20%"
"17/12/2021","74.02","85.25","85.25","73.25","42.72K","-13.64%"
"16/12/2021","85.71","82.18","86.05","81.12","34.66K","5.57%"
"15/12/2021","81.19","80.35","82.24","80.10","28.37K","1.34%"
"14/12/2021","80.12","82.32","83.88","78.90","21.06K","-3.14%"
"13/12/2021","82.72","84.80","87.40","82.20","18.39K","-1.96%"
"10/12/2021","84.37","81.08","84.50","80.48","29.31K","4.32%"
"09/12/2021","80.88","90.25","90.75","80.40","29.01K","-9.54%"
"08/12/2021","89.41","85.64","91.19","85.51","27.84K","4.77%"
"07/12/2021","85.34","82.30","85.94","82.30","19.74K","4.52%"
"06/12/2021","81.65","79.14","82.17","78.74","15.71K","3.83%"
"03/12/2021","78.64","80.41","80.80","78.38","12.64K","-2.01%"
"02/12/2021","80.25","76.51","80.35","76.50","15.68K","3.95%"
"01/12/2021","77.20","75.95","78.76","75.60","10.85K","1.94%"
"30/11/2021","75.73","74.12","75.81","73.54","14.83K","1.60%"
"29/11/2021","74.54","74.20","76.06","74.20","13.08K","1.94%"
"26/11/2021","73.12","74.38","74.51","70.70","7.14K","-2.23%"
"25/11/2021","74.79","73.58","75.37","72.50","13.11K","2.13%"
"24/11/2021","73.23","69.93","73.48","69.25","13.30K","5.38%"
"23/11/2021","69.49","70.30","70.93","69.10","12.72K","-1.04%"
"22/11/2021","70.22","70.09","71.48","69.59","7.51K","0.82%"
"19/11/2021","69.65","69.47","70.10","68.90","6.42K","0.39%"
"18/11/2021","69.38","67.57","69.49","66.62","9.09K","2.86%"
"17/11/2021","67.45","68.15","68.73","67.10","10.94K","-0.56%"
"16/11/2021","67.83","66.80","68.10","66.57","8.17K","2.43%"
"15/11/2021","66.22","63.94","67.27","63.94","9.55K","4.15%"
"12/11/2021","63.58","63.98","64.81","63.43","4.86K","-0.69%"
"11/11/2021","64.02","63.12","64.22","62.40","4.90K","0.85%"
"10/11/2021","63.48","60.45","63.58","60.31","8.93K","4.49%"
"09/11/2021","60.75","60.35","61.70","60.23","6.80K","-0.34%"
"08/11/2021","60.96","60.27","61.43","60.16","10.61K","2.06%"
"05/11/2021","59.73","60.23","61.53","59.63","8.23K","-0.75%"
"04/11/2021","60.18","59.76","61.76","59.25","5.61K","0.05%"
"03/11/2021","60.15","59.86","60.67","59.42","6.88K","0.60%"
"02/11/2021","59.79","57.70","60.00","57.50","15.25K","4.36%"
"01/11/2021","57.29","59.41","60.78","57.00","4.70K","-3.03%"
"29/10/2021","59.08","59.30","59.87","58.50","6.87K","0.24%"
"28/10/2021","58.94","59.73","59.84","58.32","3.46K","-2.21%"
"27/10/2021","60.27","60.00","60.45","59.20","4.64K","0.18%"
"26/10/2021","60.16","59.68","60.54","59.14","5.47K","1.36%"
"25/10/2021","59.35","59.51","60.11","58.92","4.84K","1.21%"
"22/10/2021","58.64","58.51","60.53","58.44","4.74K","0.46%"
"21/10/2021","58.37","57.80","58.99","56.90","12.64K","0.40%"
"20/10/2021","58.14","55.48","58.48","55.48","6.45K","5.86%"
"19/10/2021","54.92","58.26","58.69","54.45","7.93K","-6.79%"
"18/10/2021","58.92","58.93","60.00","57.64","4.49K","-1.46%"
"15/10/2021","59.79","62.16","62.19","58.62","4.22K","-3.24%"
"14/10/2021","61.79","59.79","62.08","59.79","10.06K","3.94%"
"13/10/2021","59.45","59.42","60.54","58.65","5.22K","0.19%"
"12/10/2021","59.34","59.52","59.91","58.91","3.00K","-0.40%"
"11/10/2021","59.58","58.67","60.66","58.49","2.33K","1.40%"
"08/10/2021","58.76","60.49","61.15","58.30","6.56K","-3.37%"
"07/10/2021","60.81","60.18","61.11","58.20","9.85K","2.06%"
"06/10/2021","59.58","65.16","65.16","59.35","12.72K","-8.56%"
"05/10/2021","65.16","64.25","65.80","64.20","9.91K","2.10%"
"04/10/2021","63.82","63.27","64.90","62.71","3.33K","2.19%"
"01/10/2021","62.45","62.25","64.15","61.53","2.89K","0.47%"
"30/09/2021","62.16","63.27","63.27","60.73","5.41K","-1.77%"
"29/09/2021","63.28","63.46","63.50","61.74","7.27K","1.59%"
"28/09/2021","62.29","65.75","66.00","62.07","8.30K","-3.75%"
"27/09/2021","64.72","64.25","65.33","64.00","6.05K","2.26%"
"24/09/2021","63.29","60.85","64.50","60.29","4.84K","3.94%"
"23/09/2021","60.89","60.96","61.47","59.50","6.07K","-0.08%"
"22/09/2021","60.94","60.64","61.05","60.20","5.54K","0.73%"
"21/09/2021","60.50","60.95","61.50","60.21","2.43K","-0.85%"
"20/09/2021","61.02","59.59","61.36","58.88","8.92K","2.01%"
"17/09/2021","59.82","59.93","60.48","59.44","6.71K","0.32%"
"16/09/2021","59.63","59.61","60.98","58.64","5.51K","-0.91%"
"15/09/2021","60.18","60.51","61.71","59.10","5.10K","0.03%"
"14/09/2021","60.16","61.80","62.25","59.60","7.05K","-1.97%"
"13/09/2021","61.37","61.23","62.99","61.20","5.21K","0.25%"
"10/09/2021","61.22","63.13","63.17","60.95","2.94K","-2.89%"
"09/09/2021","63.04","62.55","63.36","62.17","3.45K","0.48%"
"08/09/2021","62.74","62.71","63.61","62.27","4.77K","0.74%"
"07/09/2021","62.28","63.03","63.16","61.96","4.40K","-0.53%"
"06/09/2021","62.61","62.48","63.47","62.17","2.32K","1.59%"
"03/09/2021","61.63","61.69","62.75","61.44","3.37K","-0.32%"
"02/09/2021","61.83","60.62","62.03","59.89","1.92K","2.33%"
"01/09/2021","60.42","61.14","62.18","60.00","7.52K","-1.06%"
"31/08/2021","61.07","60.56","61.25","60.26","3.09K","-0.02%"
"30/08/2021","61.08","60.31","61.29","60.15","4.29K","2.97%"
"27/08/2021","59.32","57.84","60.25","57.84","7.80K","3.72%"
"26/08/2021","57.19","56.65","57.86","55.97","1.32K","0.56%"
"25/08/2021","56.87","56.98","57.42","56.19","2.41K","-0.18%"
"24/08/2021","56.97","56.08","57.18","55.79","2.99K","2.34%"
"23/08/2021","55.67","55.53","56.55","55.26","5.65K","1.74%"
"20/08/2021","54.72","54.03","55.20","53.82","4.13K","1.63%"
"19/08/2021","53.84","57.30","57.30","52.86","10.11K","-6.28%"
"18/08/2021","57.45","57.42","58.37","55.73","3.12K","-0.19%"
"17/08/2021","57.56","58.28","58.58","57.37","3.41K","-1.64%"
"16/08/2021","58.52","55.50","58.60","55.46","0.92K","4.99%"
"13/08/2021","55.74","56.73","56.73","55.58","1.51K","-1.57%"
"12/08/2021","56.63","57.99","58.40","56.30","1.92K","-2.60%"
"11/08/2021","58.14","57.37","58.53","56.34","2.38K","0.64%"
"10/08/2021","57.77","57.45","57.92","56.96","1.75K","1.39%"
"09/08/2021","56.98","56.90","57.70","56.25","2.14K","-0.07%"
"06/08/2021","57.02","56.63","57.30","56.54","1.83K","1.21%"
"05/08/2021","56.34","55.95","56.48","55.05","1.86K","0.93%"
"04/08/2021","55.82","54.88","55.93","54.55","1.19K","2.33%"
"03/08/2021","54.55","54.75","55.48","54.42","1.20K","-0.44%"
"02/08/2021","54.79","53.47","55.56","53.46","2.01K","2.05%"
"30/07/2021","53.69","54.15","54.24","53.20","1.35K","-1.32%"
"29/07/2021","54.41","54.42","54.69","53.51","1.89K","0.39%"
"28/07/2021","54.20","53.54","54.53","53.54","1.21K","1.73%"
"27/07/2021","53.28","54.00","54.06","53.20","2.39K","-0.54%"
"26/07/2021","53.57","51.10","53.71","50.96","1.44K","4.51%"
"23/07/2021","51.26","50.40","51.31","50.37","5.45K","0.20%"
"22/07/2021","51.16","52.04","52.58","50.46","4.19K","-2.57%"
"21/07/2021","52.51","51.82","52.65","51.30","5.73K","1.78%"
"20/07/2021","51.59","52.72","52.81","50.87","2.65K","-2.31%"
"19/07/2021","52.81","53.00","54.35","52.40","3.87K","-0.88%"
"16/07/2021","53.28","53.59","53.98","52.74","3.01K","-0.17%"
"15/07/2021","53.37","52.80","53.90","52.30","2.60K","-0.76%"
"14/07/2021","53.78","52.81","55.88","52.05","2.44K","0.98%"
"13/07/2021","53.26","52.15","53.70","51.70","2.09K","2.19%"
"12/07/2021","52.12","54.22","54.22","51.95","2.07K","-4.66%"
"09/07/2021","54.67","53.55","54.86","53.30","3.59K","3.60%"
"08/07/2021","52.77","53.11","53.60","51.32","3.48K","-0.49%"
"07/07/2021","53.03","53.93","55.37","52.90","2.74K","-2.59%"
"06/07/2021","54.44","58.56","58.58","52.68","3.61K","-6.59%"
"05/07/2021","58.28","58.02","58.69","57.97","0.75K","0.90%"
"02/07/2021","57.76","58.41","58.77","57.56","1.40K","-0.52%"
"01/07/2021","58.06","57.09","59.00","57.02","3.68K","2.25%"
"30/06/2021","56.78","55.80","57.03","55.62","5.06K","1.32%"
"29/06/2021","56.04","55.75","56.57","55.61","2.37K","0.25%"
"28/06/2021","55.90","55.89","56.31","55.05","6.24K","0.76%"
"25/06/2021","55.48","55.67","56.16","55.30","8.06K","-0.02%"
"24/06/2021","55.49","54.85","55.73","54.66","5.72K","0.84%"
"23/06/2021","55.03","53.99","55.20","53.88","6.79K","2.36%"
"22/06/2021","53.76","53.23","53.81","53.16","4.31K","1.86%"
"21/06/2021","52.78","52.16","53.31","51.99","3.48K","1.00%"
"18/06/2021","52.26","51.70","52.41","51.61","1.58K","1.91%"
"17/06/2021","51.28","51.33","51.75","50.76","1.93K","-0.85%"
"16/06/2021","51.72","51.90","52.70","51.15","3.02K","-0.08%"
"15/06/2021","51.76","53.01","53.01","51.43","5.30K","-2.87%"
"14/06/2021","53.29","53.43","54.36","52.94","1.42K","0.41%"
"11/06/2021","53.07","53.95","54.20","52.80","2.34K","-1.99%"
"10/06/2021","54.15","53.62","54.33","53.05","1.67K","0.46%"
"09/06/2021","53.90","53.00","54.60","52.81","2.84K","2.51%"
"08/06/2021","52.58","52.33","53.10","52.07","4.05K","1.17%"
"07/06/2021","51.97","49.83","52.50","49.83","0.24K","2.97%"
"04/06/2021","50.47","50.61","51.95","49.80","2.28K","-0.51%"
"03/06/2021","50.73","52.85","53.15","50.66","4.66K","-2.33%"
"02/06/2021","51.94","52.52","52.55","51.44","3.93K","-1.94%"
"01/06/2021","52.97","52.77","53.70","52.32","1.19K","1.40%"
"31/05/2021","52.24","52.38","52.42","51.88","5.89K","1.28%"
"28/05/2021","51.58","52.23","52.90","50.78","3.11K","-1.55%"
"27/05/2021","52.39","53.59","54.14","51.58","2.11K","-3.38%"
"26/05/2021","54.22","54.13","55.23","53.20","4.37K","0.72%"
"25/05/2021","53.83","53.81","54.27","52.83","4.14K","0.79%"
"24/05/2021","53.41","52.20","53.51","51.40","2.56K","1.87%"
"21/05/2021","52.43","52.75","54.34","51.74","5.66K","-1.83%"
"20/05/2021","53.41","50.65","53.47","50.59","8.41K","6.08%"
"19/05/2021","50.35","52.92","53.60","49.30","13.60K","-6.31%"
"18/05/2021","53.74","56.45","57.14","53.08","5.36K","-5.67%"
"17/05/2021","56.97","57.02","57.37","56.00","6.41K","-0.45%"
"14/05/2021","57.23","55.37","57.48","55.24","5.71K","3.98%"
"13/05/2021","55.04","55.36","55.45","53.83","4.29K","-1.45%"
"12/05/2021","55.85","53.86","55.99","53.59","7.59K","4.30%"
"11/05/2021","53.55","52.38","53.94","51.90","4.22K","1.57%"
"10/05/2021","52.72","51.50","53.25","51.50","3.14K","3.51%"
"07/05/2021","50.93","50.58","51.58","49.90","2.97K","1.03%"
"06/05/2021","50.41","49.96","50.95","49.70","3.74K","1.00%"
"05/05/2021","49.91","49.32","49.96","49.10","9.53K","1.73%"
"04/05/2021","49.06","50.09","50.33","48.87","3.35K","-1.68%"
"03/05/2021","49.90","49.59","50.34","49.59","0.70K","1.20%"
"30/04/2021","49.31","48.58","49.83","48.20","7.70K","1.65%"
"29/04/2021","48.51","48.31","48.65","47.65","2.96K","0.48%"
"28/04/2021","48.28","48.15","48.85","47.81","7.19K","1.05%"
"27/04/2021","47.78","47.50","48.28","46.84","1.36K","0.23%"
"26/04/2021","47.67","47.39","48.13","47.39","1.68K","0.61%"
"23/04/2021","47.38","47.45","47.53","46.53","2.56K","-0.27%"
"22/04/2021","47.51","46.76","47.67","46.66","2.03K","2.57%"
"21/04/2021","46.32","45.31","46.89","45.30","2.40K","2.27%"
"20/04/2021","45.29","44.53","45.55","44.42","1.30K","1.23%"
"19/04/2021","44.74","44.90","45.31","44.29","2.55K","-0.13%"
"16/04/2021","44.80","45.15","45.18","44.77","2.36K","0.56%"
"15/04/2021","44.55","44.32","44.90","44.27","1.50K","0.79%"
"14/04/2021","44.20","44.38","44.56","43.86","2.35K","-0.09%"
"13/04/2021","44.24","44.97","45.04","44.15","2.31K","-1.38%"
"12/04/2021","44.86","44.23","44.97","44.07","3.55K","1.89%"
"09/04/2021","44.03","43.90","44.15","43.54","1.43K","0.41%"
"08/04/2021","43.85","44.15","44.32","43.70","1.67K","-0.86%"
"07/04/2021","44.23","44.72","44.72","43.90","1.34K","-0.83%"
"06/04/2021","44.60","43.20","44.65","43.13","2.11K","4.18%"
"05/04/2021","42.81","42.81","42.81","42.81","","0.00%"
"01/04/2021","42.81","42.89","43.16","42.53","1.01K","-0.19%"
"31/03/2021","42.89","42.48","43.10","42.37","1.30K","1.16%"
"30/03/2021","42.40","41.94","42.83","41.83","3.40K","0.47%"
"29/03/2021","42.20","41.84","42.64","41.19","1.12K","0.26%"
"26/03/2021","42.09","40.71","42.17","40.64","2.27K","3.39%"
"25/03/2021","40.71","41.84","41.95","40.00","3.48K","-2.98%"
"24/03/2021","41.96","41.86","42.03","41.12","3.08K","0.43%"
"23/03/2021","41.78","43.02","43.11","41.67","3.18K","-3.24%"
"22/03/2021","43.18","42.10","43.35","42.09","1.08K","2.06%"
"19/03/2021","42.31","42.40","42.64","41.60","2.72K","-1.01%"
"18/03/2021","42.74","43.34","44.07","42.58","8.89K","-1.38%"
"17/03/2021","43.34","42.33","43.40","42.10","5.37K","3.29%"
"16/03/2021","41.96","42.50","42.94","41.92","12.13K","-1.80%"
"15/03/2021","42.73","42.44","43.65","42.42","8.30K","-1.07%"
"12/03/2021","43.19","42.16","43.22","41.85","3.02K","2.18%"
"11/03/2021","42.27","42.01","43.02","41.35","9.37K","0.96%"
"10/03/2021","41.87","40.96","42.12","40.83","7.58K","2.17%"
"09/03/2021","40.98","39.57","41.10","39.40","1.61K","3.83%"
"08/03/2021","39.47","39.76","39.76","38.67","3.13K","0.28%"
"05/03/2021","39.36","38.60","39.45","38.16","1.70K","2.21%"
"04/03/2021","38.51","37.95","38.73","37.03","2.10K","1.82%"
"03/03/2021","37.82","38.72","38.75","37.49","2.72K","-2.25%"
"02/03/2021","38.69","37.25","38.73","37.16","3.33K","3.31%"
"01/03/2021","37.45","38.16","38.43","37.43","2.67K","-0.40%"
"26/02/2021","37.60","38.03","38.39","37.55","4.43K","-2.51%"
"25/02/2021","38.57","39.83","39.83","38.63","1.10K","-2.23%"
"24/02/2021","39.45","38.75","39.64","38.59","0.35K","1.23%"
"23/02/2021","38.97","38.51","39.04","37.74","2.29K","1.86%"
"22/02/2021","38.26","37.73","38.41","36.80","1.03K","1.49%"
"19/02/2021","37.70","38.37","38.95","37.68","3.89K","-2.36%"
"18/02/2021","38.61","38.88","38.88","38.18","2.30K","0.55%"
"17/02/2021","38.40","39.25","39.66","38.35","3.99K","-1.87%"
"16/02/2021","39.13","39.85","40.79","39.10","5.75K","-1.71%"
"15/02/2021","39.81","40.18","40.88","39.73","3.76K","-1.17%"
"12/02/2021","40.28","38.61","40.50","37.40","7.62K","3.28%"
"11/02/2021","39.00","39.50","40.31","38.63","12.72K","-1.42%"
"10/02/2021","39.56","38.41","39.94","37.81","3.23K","2.78%"
"09/02/2021","38.49","38.39","38.89","37.80","2.05K","-0.90%"
"08/02/2021","38.84","39.39","39.93","38.70","2.10K","1.07%"
"05/02/2021","38.43","37.60","38.90","37.43","1.08K","2.51%"
"04/02/2021","37.49","37.76","38.46","36.92","1.38K","-0.42%"
"03/02/2021","37.65","35.15","38.04","35.07","2.59K","6.99%"
"02/02/2021","35.19","33.29","35.32","33.29","1.04K","6.38%"
"01/02/2021","33.08","33.19","33.58","32.85","0.62K","-0.30%"
"29/01/2021","33.18","34.00","34.08","33.16","1.38K","-2.90%"
"28/01/2021","34.17","33.81","34.16","33.15","1.06K","1.97%"
"27/01/2021","33.51","33.41","33.67","32.48","0.61K","-0.15%"
"26/01/2021","33.56","33.13","33.74","33.05","1.27K","0.51%"
"25/01/2021","33.39","34.77","34.84","33.35","1.72K","-3.08%"
"22/01/2021","34.45","34.27","34.45","33.77","1.39K","0.38%"
"21/01/2021","34.32","32.89","34.41","32.83","0.83K","3.62%"
"20/01/2021","33.12","33.49","33.84","33.02","0.70K","-0.54%"
"19/01/2021","33.30","32.11","33.33","32.06","1.14K","4.59%"
"18/01/2021","31.84","31.83","32.51","31.56","1.21K","-0.38%"
"15/01/2021","31.96","33.63","33.63","31.89","1.75K","-5.33%"
"14/01/2021","33.76","33.77","33.97","32.99","1.62K","-0.35%"
"13/01/2021","33.88","34.73","34.85","33.33","1.99K","-2.87%"
"12/01/2021","34.88","34.60","35.59","34.44","1.31K","0.35%"
"11/01/2021","34.76","35.29","35.40","34.46","1.10K","-1.08%"
"08/01/2021","35.14","35.21","35.35","34.55","1.60K","0.49%"
"07/01/2021","34.97","34.05","35.00","34.05","1.17K","3.37%"
"06/01/2021","33.83","33.71","33.88","33.02","0.43K","2.05%"
"05/01/2021","33.15","33.69","33.83","32.96","1.28K","-2.18%"
"04/01/2021","33.89","33.14","34.45","33.14","1.25K","2.88%"