Date,SAP actual day
2018-01-01,1.7083
2018-01-02,1.7331
2018-01-03,1.7663
2018-01-04,1.7719
2018-01-05,1.7601
2018-01-06,1.7186
2018-01-07,1.817
2018-01-08,1.7993
2018-01-09,1.7734
2018-01-10,1.7862
2018-01-11,1.8334
2018-01-12,1.778
2018-01-13,1.7796
2018-01-14,1.7774
2018-01-15,1.733
2018-01-16,1.7304
2018-01-17,1.718
2018-01-18,1.7026
2018-01-19,1.7158
2018-01-20,1.7204
2018-01-21,1.6999
2018-01-22,1.6852
2018-01-23,1.6529
2018-01-24,1.6241
2018-01-25,1.6529
2018-01-26,1.6146
2018-01-27,1.6223
2018-01-28,1.5549
2018-01-29,1.5893
2018-01-30,1.6295
2018-01-31,1.612
2018-02-01,1.6952
2018-02-02,1.7638
2018-02-03,1.6615
2018-02-04,1.6799
2018-02-05,1.6932
2018-02-06,1.7097
2018-02-07,1.7666
2018-02-08,1.7444
2018-02-09,1.7284
2018-02-10,1.7429
2018-02-11,1.7118
2018-02-12,1.7245
2018-02-13,1.7973
2018-02-14,1.7268
2018-02-15,1.6477
2018-02-16,1.7306
2018-02-17,1.7116
2018-02-18,1.7065
2018-02-19,1.8878
2018-02-20,1.8766
2018-02-21,1.9408
2018-02-22,2.074
2018-02-23,2.078
2018-02-24,1.8699
2018-02-25,1.895
2018-02-26,2.417
2018-02-27,3.6485
2018-02-28,5.7535
2018-03-01,12.7162
2018-03-02,8.6943
2018-03-03,2.239
2018-03-04,1.991
2018-03-05,1.7443
2018-03-06,1.7649
2018-03-07,1.7205
2018-03-08,1.7898
2018-03-09,1.8981
2018-03-10,1.8615
2018-03-11,1.8474
2018-03-12,2.5045
2018-03-13,2.3297
2018-03-14,2.0798
2018-03-15,2.2556
2018-03-16,1.8743
2018-03-17,1.8881
2018-03-18,2.2004
2018-03-19,1.9703
2018-03-20,1.9094
2018-03-21,1.8633
2018-03-22,1.8553
2018-03-23,1.7548
2018-03-24,1.7908
2018-03-25,1.6877
2018-03-26,1.6361
2018-03-27,1.7148
2018-03-28,1.6609
2018-03-29,1.7654
2018-03-30,1.6619
2018-03-31,1.6743
2018-04-01,1.811
2018-04-02,1.7961
2018-04-03,1.6375
2018-04-04,1.6794
2018-04-05,1.6877
2018-04-06,1.6627
2018-04-07,1.7057
2018-04-08,1.688
2018-04-09,1.7717
2018-04-10,1.8336
2018-04-11,1.86
2018-04-12,1.9138
2018-04-13,1.8746
2018-04-14,1.685
2018-04-15,1.7217
2018-04-16,1.713
2018-04-17,1.7278
2018-04-18,1.6566
2018-04-19,1.7628
2018-04-20,1.7394
2018-04-21,1.6772
2018-04-22,1.6732
2018-04-23,1.7175
2018-04-24,1.7444
2018-04-25,1.7295
2018-04-26,1.7782
2018-04-27,1.84
2018-04-28,1.8494
2018-04-29,1.8437
2018-04-30,1.8449
2018-05-01,1.8108
2018-05-02,1.8232
2018-05-03,1.8014
2018-05-04,1.8291
2018-05-05,1.8067
2018-05-06,1.795
2018-05-07,1.8145
2018-05-08,1.8292
2018-05-09,1.7823
2018-05-10,1.8226
2018-05-11,1.8763
2018-05-12,1.8948
2018-05-13,1.8607
2018-05-14,1.9308
2018-05-15,1.8605
2018-05-16,1.894
2018-05-17,1.9762
2018-05-18,1.9467
2018-05-19,1.9272
2018-05-20,1.8872
2018-05-21,1.9275
2018-05-22,2.0073
2018-05-23,1.9857
2018-05-24,2.0187
2018-05-25,1.9092
2018-05-26,1.8616
2018-05-27,1.8855
2018-05-28,1.9154
2018-05-29,2.0158
2018-05-30,2.1159
2018-05-31,2.035
2018-06-01,1.9654
2018-06-02,1.9852
2018-06-03,1.9916
2018-06-04,2.0291
2018-06-05,1.9589
2018-06-06,1.9483
2018-06-07,2.0204
2018-06-08,2.0051
2018-06-09,1.9572
2018-06-10,1.9137
2018-06-11,1.8678
2018-06-12,1.8604
2018-06-13,1.9919
2018-06-14,1.9265
2018-06-15,1.8801
2018-06-16,1.8574
2018-06-17,1.8652
2018-06-18,1.8725
2018-06-19,1.8346
2018-06-20,1.8325
2018-06-21,1.758
2018-06-22,1.7999
2018-06-23,1.8235
2018-06-24,1.8019
2018-06-25,1.8076
2018-06-26,1.834
2018-06-27,1.8896
2018-06-28,1.8674
2018-06-29,1.7854
2018-06-30,1.8076
2018-07-01,1.8083
2018-07-02,1.9105
2018-07-03,1.9035
2018-07-04,1.9365
2018-07-05,1.9862
2018-07-06,1.9609
2018-07-07,1.9749
2018-07-08,1.9815
2018-07-09,2.0234
2018-07-10,1.9849
2018-07-11,1.9731
2018-07-12,1.9337
2018-07-13,2.002
2018-07-14,1.9644
2018-07-15,1.9633
2018-07-16,1.9021
2018-07-17,1.9597
2018-07-18,1.999
2018-07-19,1.9829
2018-07-20,1.9719
2018-07-21,1.9442
2018-07-22,1.9637
2018-07-23,2.0041
2018-07-24,2.0094
2018-07-25,1.9705
2018-07-26,1.9597
2018-07-27,1.9696
2018-07-28,1.9647
2018-07-29,1.9636
2018-07-30,2.0161
2018-07-31,2.0
2018-08-01,1.9672
2018-08-02,2.0163
2018-08-03,2.0047
2018-08-04,1.9651
2018-08-05,1.9641
2018-08-06,2.0039
2018-08-07,2.0065
2018-08-08,2.0139
2018-08-09,1.9844
2018-08-10,2.0048
2018-08-11,2.024
2018-08-12,2.035
2018-08-13,2.1067
2018-08-14,2.0473
2018-08-15,2.0077
2018-08-16,2.093
2018-08-17,2.1277
2018-08-18,2.0842
2018-08-19,2.0493
2018-08-20,2.1424
2018-08-21,2.1805
2018-08-22,2.1995
2018-08-23,2.2227
2018-08-24,2.2441
2018-08-25,2.2747
2018-08-26,2.2337
2018-08-27,2.273
2018-08-28,2.3405
2018-08-29,2.4006
2018-08-30,2.3768
2018-08-31,2.2912
2018-09-01,2.3165
2018-09-02,2.3144
2018-09-03,2.4177
2018-09-04,2.418
2018-09-05,2.4544
2018-09-06,2.5406
2018-09-07,2.5589
2018-09-08,2.5672
2018-09-09,2.4933
2018-09-10,2.6252
2018-09-11,2.581
2018-09-12,2.5194
2018-09-13,2.4083
2018-09-14,2.4073
2018-09-15,2.4321
2018-09-16,2.3982
2018-09-17,2.4692
2018-09-18,2.4057
2018-09-19,2.5368
2018-09-20,2.599
2018-09-21,2.6496
2018-09-22,2.6439
2018-09-23,2.6037
2018-09-24,2.6814
2018-09-25,2.6372
2018-09-26,2.5535
2018-09-27,2.4806
2018-09-28,2.4957
2018-09-29,2.4851
2018-09-30,2.4608
2018-10-01,2.4327
2018-10-02,2.452
2018-10-03,2.4282
2018-10-04,2.4557
2018-10-05,2.4927
2018-10-06,2.4486
2018-10-07,2.4413
2018-10-08,2.3607
2018-10-09,2.2307
2018-10-10,2.2035
2018-10-11,2.1383
2018-10-12,2.2621
2018-10-13,2.2627
2018-10-14,2.3108
2018-10-15,2.3564
2018-10-16,2.2868
2018-10-17,2.1568
2018-10-18,2.2116
2018-10-19,2.316
2018-10-20,2.257
2018-10-21,2.0698
2018-10-22,2.1373
2018-10-23,2.0856
2018-10-24,2.1372
2018-10-25,2.2151
2018-10-26,2.119
2018-10-27,2.0973
2018-10-28,2.212
2018-10-29,2.2276
2018-10-30,2.2405
2018-10-31,2.145
2018-11-01,2.0983
2018-11-02,2.1051
2018-11-03,2.091
2018-11-04,2.1005
2018-11-05,2.0801
2018-11-06,2.0717
2018-11-07,2.1534
2018-11-08,2.1741
2018-11-09,2.1168
2018-11-10,2.0937
2018-11-11,2.1115
2018-11-12,2.1949
2018-11-13,2.2673
2018-11-14,2.3175
2018-11-15,2.4115
2018-11-16,2.3889
2018-11-17,2.2246
2018-11-18,2.3061
2018-11-19,2.2411
2018-11-20,2.2006
2018-11-21,2.2544
2018-11-22,2.2693
2018-11-23,2.2273
2018-11-24,2.2308
2018-11-25,2.2249
2018-11-26,2.1813
2018-11-27,2.2457
2018-11-28,2.1595
2018-11-29,2.1454
2018-11-30,2.1558
2018-12-01,2.2345
2018-12-02,2.1606
2018-12-03,2.2493
2018-12-04,2.25
2018-12-05,2.2114
2018-12-06,2.0418
2018-12-07,1.9987
2018-12-08,2.0286
2018-12-09,2.0866
2018-12-10,2.1711
2018-12-11,2.1559
2018-12-12,2.2036
2018-12-13,2.2475
2018-12-14,2.2741
2018-12-15,2.2785
2018-12-16,2.2617
2018-12-17,2.2563
2018-12-18,2.1725
2018-12-19,2.319
2018-12-20,2.2769
2018-12-21,2.2589
2018-12-22,2.2631
2018-12-23,2.3111
2018-12-24,2.2742
2018-12-25,2.2258
2018-12-26,2.1847
2018-12-27,2.1034
2018-12-28,2.0472
2018-12-29,1.9865
2018-12-30,1.9861
2018-12-31,1.6643
2019-01-01,1.7117
2019-01-02,2.0466
2019-01-03,2.0386
2019-01-04,2.0609
2019-01-05,2.0344
2019-01-06,1.9728
2019-01-07,1.8988
2019-01-08,1.9771
2019-01-09,1.9938
2019-01-10,2.0057
2019-01-11,2.0329
2019-01-12,1.9948
2019-01-13,1.98
2019-01-14,1.9492
2019-01-15,2.0323
2019-01-16,1.9955
2019-01-17,2.0734
2019-01-18,2.0448
2019-01-19,2.0659
2019-01-20,2.047
2019-01-21,1.9914
2019-01-22,2.0389
2019-01-23,2.0627
2019-01-24,1.9758
2019-01-25,1.8397
2019-01-26,1.8227
2019-01-27,1.8841
2019-01-28,1.9115
2019-01-29,1.8756
2019-01-30,1.8506
2019-01-31,1.8492
2019-02-01,1.7255
2019-02-02,1.7323
2019-02-03,1.7307
2019-02-04,1.7374
2019-02-05,1.7363
2019-02-06,1.7247
2019-02-07,1.727
2019-02-08,1.6821
2019-02-09,1.6899
2019-02-10,1.674
2019-02-11,1.6249
2019-02-12,1.5849
2019-02-13,1.6059
2019-02-14,1.6229
2019-02-15,1.6025
2019-02-16,1.5973
2019-02-17,1.5957
2019-02-18,1.567
2019-02-19,1.5651
2019-02-20,1.5821
2019-02-21,1.5191
2019-02-22,1.5345
2019-02-23,1.5399
2019-02-24,1.5108
2019-02-25,1.4784
2019-02-26,1.4968
2019-02-27,1.5255
2019-02-28,1.5478
2019-03-01,1.5132
2019-03-02,1.4875
2019-03-03,1.5103
2019-03-04,1.5038
2019-03-05,1.5007
2019-03-06,1.4481
2019-03-07,1.4699
2019-03-08,1.4874
2019-03-09,1.4784
2019-03-10,1.4828
2019-03-11,1.4421
2019-03-12,1.423
2019-03-13,1.3679
2019-03-14,1.3439
2019-03-15,1.272
2019-03-16,1.2988
2019-03-17,1.3081
2019-03-18,1.3712
2019-03-19,1.2789
2019-03-20,1.2938
2019-03-21,1.2871
2019-03-22,1.2716
2019-03-23,1.2217
2019-03-24,1.2031
2019-03-25,1.1921
2019-03-26,1.2404
2019-03-27,1.2933
2019-03-28,1.2179
2019-03-29,1.1691
2019-03-30,1.179
2019-03-31,1.1747
2019-04-01,1.1259
2019-04-02,1.089
2019-04-03,1.1496
2019-04-04,1.2553
2019-04-05,1.3466
2019-04-06,1.3915
2019-04-07,1.3902
2019-04-08,1.3304
2019-04-09,1.4667
2019-04-10,1.3825
2019-04-11,1.3714
2019-04-12,1.4185
2019-04-13,1.3059
2019-04-14,1.3043
2019-04-15,1.2642
2019-04-16,1.3004
2019-04-17,1.2733
2019-04-18,1.2603
2019-04-19,1.2038
2019-04-20,1.1897
2019-04-21,1.092
2019-04-22,1.0526
2019-04-23,0.9021
2019-04-24,1.0743
2019-04-25,1.1047
2019-04-26,1.1246
2019-04-27,1.1069
2019-04-28,1.1622
2019-04-29,1.1562
2019-04-30,1.1637
2019-05-01,1.1298
2019-05-02,1.1805
2019-05-03,1.1999
2019-05-04,1.1561
2019-05-05,1.1685
2019-05-06,1.2208
2019-05-07,1.146
2019-05-08,1.2408
2019-05-09,1.3802
2019-05-10,1.3049
2019-05-11,1.25
2019-05-12,1.1693
2019-05-13,1.0213
2019-05-14,1.0517
2019-05-15,1.1132
2019-05-16,0.9531
2019-05-17,1.1092
2019-05-18,1.089
2019-05-19,1.0866
2019-05-20,1.0674
2019-05-21,1.018
2019-05-22,1.0153
2019-05-23,0.9913
2019-05-24,1.0075
2019-05-25,1.0058
2019-05-26,0.9711
2019-05-27,1.0225
2019-05-28,1.0455
2019-05-29,1.0145
2019-05-30,0.9717
2019-05-31,0.9286
2019-06-01,0.9199
2019-06-02,0.8734
2019-06-03,0.9033
2019-06-04,1.0067
2019-06-05,0.9569
2019-06-06,0.9213
2019-06-07,0.9964
2019-06-08,1.0076
2019-06-09,1.017
2019-06-10,1.0515
2019-06-11,1.0012
2019-06-12,1.0215
2019-06-13,1.0758
2019-06-14,1.0567
2019-06-15,1.0507
2019-06-16,1.0041
2019-06-17,1.0661
2019-06-18,1.0362
2019-06-19,0.9709
2019-06-20,0.9589
2019-06-21,0.9327
2019-06-22,0.9785
2019-06-23,0.9629
2019-06-24,0.9406
2019-06-25,0.9108
2019-06-26,0.8673
2019-06-27,0.807
2019-06-28,0.8484
2019-06-29,0.8709
2019-06-30,0.8559
2019-07-01,0.9051
2019-07-02,0.9582
2019-07-03,0.9498
2019-07-04,0.9474
2019-07-05,1.0443
2019-07-06,1.0381
2019-07-07,0.9965
2019-07-08,1.0559
2019-07-09,1.0836
2019-07-10,1.1846
2019-07-11,1.2462
2019-07-12,1.1745
2019-07-13,1.2265
2019-07-14,1.2226
2019-07-15,1.1718
2019-07-16,1.1052
2019-07-17,1.0716
2019-07-18,1.0079
2019-07-19,1.0015
2019-07-20,0.9578
2019-07-21,0.9409
2019-07-22,0.933
2019-07-23,1.018
2019-07-24,0.9635
2019-07-25,0.9319
2019-07-26,0.9476
2019-07-27,0.9217
2019-07-28,0.9039
2019-07-29,0.9295
2019-07-30,0.905
2019-07-31,0.9305
2019-08-01,1.0863
2019-08-02,1.0983
2019-08-03,1.1027
2019-08-04,1.0704
2019-08-05,0.9313
2019-08-06,0.8644
2019-08-07,0.9436
2019-08-08,0.9905
2019-08-09,0.9864
2019-08-10,0.9939
2019-08-11,1.0135
2019-08-12,1.0248
2019-08-13,1.018
2019-08-14,0.9513
2019-08-15,0.8841
2019-08-16,0.9523
2019-08-17,0.9227
2019-08-18,0.9166
2019-08-19,0.8947
2019-08-20,0.9883
2019-08-21,0.9749
2019-08-22,0.9932
2019-08-23,0.7797
2019-08-24,0.8808
2019-08-25,0.8504
2019-08-26,0.9802
2019-08-27,0.9822
2019-08-28,0.9155
2019-08-29,0.8845
2019-08-30,0.8749
2019-08-31,0.9053
2019-09-01,0.8736
2019-09-02,0.6779
2019-09-03,0.6848
2019-09-04,0.6656
2019-09-05,0.6855
2019-09-06,0.8743
2019-09-07,0.8775
2019-09-08,0.8986
2019-09-09,0.8808
2019-09-10,0.9113
2019-09-11,0.8719
2019-09-12,1.023
2019-09-13,0.9909
2019-09-14,1.0451
2019-09-15,1.0584
2019-09-16,1.056
2019-09-17,0.8759
2019-09-18,0.8965
2019-09-19,0.8168
2019-09-20,0.856
2019-09-21,0.8681
2019-09-22,0.906
2019-09-23,0.8534
2019-09-24,0.9043
2019-09-25,0.8538
2019-09-26,0.8219
2019-09-27,0.8732
2019-09-28,0.8849
2019-09-29,0.8935
2019-09-30,0.779
2019-10-01,0.9101
2019-10-02,0.9329
2019-10-03,1.127
2019-10-04,1.0364
2019-10-05,0.9742
2019-10-06,0.9568
2019-10-07,0.9209
2019-10-08,0.8637
2019-10-09,0.745
2019-10-10,0.8023
2019-10-11,0.8277
2019-10-12,0.886
2019-10-13,0.8606
2019-10-14,1.01
2019-10-15,0.9678
2019-10-16,0.8914
2019-10-17,0.9677
2019-10-18,1.0209
2019-10-19,0.9219
2019-10-20,0.8556
2019-10-21,0.8022
2019-10-22,0.8937
2019-10-23,0.9715
2019-10-24,1.0059
2019-10-25,1.0181
2019-10-26,0.8021
2019-10-27,0.6976
2019-10-28,0.932
2019-10-29,0.8794
2019-10-30,0.7759
2019-10-31,0.9161
2019-11-01,0.9651
2019-11-02,0.9366
2019-11-03,0.9935
2019-11-04,1.1338
2019-11-05,1.0565
2019-11-06,1.1548
2019-11-07,1.2133
2019-11-08,1.2937
2019-11-09,1.279
2019-11-10,1.2593
2019-11-11,1.2167
2019-11-12,1.3773
2019-11-13,1.3386
2019-11-14,1.3056
2019-11-15,1.3753
2019-11-16,1.3844
2019-11-17,1.3529
2019-11-18,1.364
2019-11-19,1.4073
2019-11-20,1.3468
2019-11-21,1.4596
2019-11-22,1.4094
2019-11-23,1.4127
2019-11-24,1.4148
2019-11-25,1.4523
2019-11-26,1.3868
2019-11-27,1.4442
2019-11-28,1.3913
2019-11-29,1.3931
2019-11-30,1.4102
2019-12-01,1.3739
2019-12-02,1.3503
2019-12-03,1.2355
2019-12-04,1.2549
2019-12-05,1.1514
2019-12-06,1.1296
2019-12-07,1.1911
2019-12-08,1.1924
2019-12-09,1.1928
2019-12-10,1.0826
2019-12-11,1.1048
2019-12-12,1.2246
2019-12-13,1.0508
2019-12-14,1.0907
2019-12-15,1.0893
2019-12-16,1.1182
2019-12-17,1.1614
2019-12-18,1.121
2019-12-19,1.1468
2019-12-20,1.1243
2019-12-21,1.1288
2019-12-22,1.0976
2019-12-23,0.9747
2019-12-24,0.954
2019-12-25,1.0144
2019-12-26,1.0277
2019-12-27,0.9823
2019-12-28,1.0317
2019-12-29,1.0882
2019-12-30,1.0687
2019-12-31,1.014
2020-01-01,0.8935
2020-01-02,0.9327
2020-01-03,0.9821
2020-01-04,1.0108
2020-01-05,0.9728
2020-01-06,0.9973
2020-01-07,0.9764
2020-01-08,0.9531
2020-01-09,1.038
2020-01-10,1.0538
2020-01-11,1.0559
2020-01-12,1.0404
2020-01-13,1.0537
2020-01-14,1.0018
2020-01-15,0.9886
2020-01-16,0.998
2020-01-17,0.9708
2020-01-18,0.9775
2020-01-19,1.003
2020-01-20,0.9514
2020-01-21,1.0101
2020-01-22,0.9591
2020-01-23,0.9192
2020-01-24,0.9494
2020-01-25,0.957
2020-01-26,0.9414
2020-01-27,0.9619
2020-01-28,0.9669
2020-01-29,0.9224
2020-01-30,0.8822
2020-01-31,0.9005
2020-02-01,0.8866
2020-02-02,0.8856
2020-02-03,0.861
2020-02-04,0.86
2020-02-05,0.8254
2020-02-06,0.7903
2020-02-07,0.7759
2020-02-08,0.7538
2020-02-09,0.765
2020-02-10,0.7693
2020-02-11,0.7411
2020-02-12,0.7189
2020-02-13,0.7286
2020-02-14,0.7504
2020-02-15,0.7531
2020-02-16,0.7569
2020-02-17,0.7899
2020-02-18,0.8282
2020-02-19,0.895
2020-02-20,0.841
2020-02-21,0.8521
2020-02-22,0.8638
2020-02-23,0.855
2020-02-24,0.8551
2020-02-25,0.8462
2020-02-26,0.8743
2020-02-27,0.8612
2020-02-28,0.8313
2020-02-29,0.8124
2020-03-01,0.8427
2020-03-02,0.8563
2020-03-03,0.923
2020-03-04,0.8759
2020-03-05,0.8955
2020-03-06,0.8043
2020-03-07,0.798
2020-03-08,0.7659
2020-03-09,0.7944
2020-03-10,0.8459
2020-03-11,0.8373
2020-03-12,0.8145
2020-03-13,0.8441
2020-03-14,0.8081
2020-03-15,0.8423
2020-03-16,0.7753
2020-03-17,0.8327
2020-03-18,0.8485
2020-03-19,0.8425
2020-03-20,0.7451
2020-03-21,0.7577
2020-03-22,0.7789
2020-03-23,0.7263
2020-03-24,0.7274
2020-03-25,0.7767
2020-03-26,0.6789
2020-03-27,0.6676
2020-03-28,0.6398
2020-03-29,0.683
2020-03-30,0.6904
2020-03-31,0.607
2020-04-01,0.5962
2020-04-02,0.5742
2020-04-03,0.5456
2020-04-04,0.5982
2020-04-05,0.5724
2020-04-06,0.5662
2020-04-07,0.5801
2020-04-08,0.5201
2020-04-09,0.5188
2020-04-10,0.5314
2020-04-11,0.5161
2020-04-12,0.5176
2020-04-13,0.5534
2020-04-14,0.5257
2020-04-15,0.4676
2020-04-16,0.4992
2020-04-17,0.4704
2020-04-18,0.5118
2020-04-19,0.4751
2020-04-20,0.3693
2020-04-21,0.3181
2020-04-22,0.4258
2020-04-23,0.4111
2020-04-24,0.3549
2020-04-25,0.3957
2020-04-26,0.3983
2020-04-27,0.4287
2020-04-28,0.4809
2020-04-29,0.4498
2020-04-30,0.424
2020-05-01,0.4717
2020-05-02,0.477
2020-05-03,0.484
2020-05-04,0.472
2020-05-05,0.479
2020-05-06,0.5017
2020-05-07,0.4834
2020-05-08,0.4756
2020-05-09,0.4722
2020-05-10,0.4615
2020-05-11,0.4569
2020-05-12,0.4498
2020-05-13,0.4448
2020-05-14,0.4546
2020-05-15,0.4352
2020-05-16,0.4547
2020-05-17,0.4474
2020-05-18,0.4062
2020-05-19,0.3979
2020-05-20,0.3607
2020-05-21,0.3213
2020-05-22,0.3509
2020-05-23,0.3782
2020-05-24,0.3731
2020-05-25,0.4144
2020-05-26,0.3601
2020-05-27,0.3178
2020-05-28,0.2991
2020-05-29,0.3259
2020-05-30,0.3329
2020-05-31,0.3357
2020-06-01,0.3091
2020-06-02,0.403
2020-06-03,0.3905
2020-06-04,0.452
2020-06-05,0.4158
2020-06-06,0.4244
2020-06-07,0.4338
2020-06-08,0.4522
2020-06-09,0.4274
2020-06-10,0.4214
2020-06-11,0.4506
2020-06-12,0.4795
2020-06-13,0.466
2020-06-14,0.4671
2020-06-15,0.494
2020-06-16,0.4876
2020-06-17,0.4744
2020-06-18,0.5001
2020-06-19,0.5081
2020-06-20,0.4703
2020-06-21,0.4585
2020-06-22,0.4593
2020-06-23,0.5376
2020-06-24,0.5152
2020-06-25,0.4654
2020-06-26,0.4824
2020-06-27,0.4639
2020-06-28,0.4704
2020-06-29,0.5116
2020-06-30,0.5587
2020-07-01,0.5165
2020-07-02,0.4892
2020-07-03,0.444
2020-07-04,0.4552
2020-07-05,0.4584
2020-07-06,0.4979
2020-07-07,0.5251
2020-07-08,0.4981
2020-07-09,0.4808
2020-07-10,0.4356
2020-07-11,0.4486
2020-07-12,0.4187
2020-07-13,0.4089
2020-07-14,0.4103
2020-07-15,0.4243
2020-07-16,0.4105
2020-07-17,0.4501
2020-07-18,0.437
2020-07-19,0.4364
2020-07-20,0.4272
2020-07-21,0.4458
2020-07-22,0.4267
2020-07-23,0.4536
2020-07-24,0.4467
2020-07-25,0.4315
2020-07-26,0.4317
2020-07-27,0.4242
2020-07-28,0.4457
2020-07-29,0.4529
2020-07-30,0.4486
2020-07-31,0.4655
2020-08-01,0.4528
2020-08-02,0.4527
2020-08-03,0.5444
2020-08-04,0.5181
2020-08-05,0.5566
2020-08-06,0.6323
2020-08-07,0.6813
2020-08-08,0.6837
2020-08-09,0.6796
2020-08-10,0.6924
2020-08-11,0.6677
2020-08-12,0.6421
2020-08-13,0.6782
2020-08-14,0.703
2020-08-15,0.7204
2020-08-16,0.7211
2020-08-17,0.6968
2020-08-18,0.7754
2020-08-19,0.7414
2020-08-20,0.6806
2020-08-21,0.6389
2020-08-22,0.641
2020-08-23,0.67
2020-08-24,0.7902
2020-08-25,0.8295
2020-08-26,0.8773
2020-08-27,0.8688
2020-08-28,0.9141
2020-08-29,0.9346
2020-08-30,0.9477
2020-08-31,0.9685
2020-09-01,0.9552
2020-09-02,0.9212
2020-09-03,0.9569
2020-09-04,1.044
2020-09-05,1.011
2020-09-06,1.0269
2020-09-07,0.9645
2020-09-08,0.9457
2020-09-09,0.9706
2020-09-10,0.9385
2020-09-11,0.9247
2020-09-12,0.8733
2020-09-13,0.8522
2020-09-14,0.9692
2020-09-15,0.9899
2020-09-16,0.9808
2020-09-17,0.9762
2020-09-18,0.976
2020-09-19,0.9644
2020-09-20,1.0062
2020-09-21,1.0406
2020-09-22,1.0684
2020-09-23,1.0988
2020-09-24,1.0872
2020-09-25,1.1202
2020-09-26,1.107
2020-09-27,1.1063
2020-09-28,1.2262
2020-09-29,1.1786
2020-09-30,1.2002
2020-10-01,1.0816
2020-10-02,1.1239
2020-10-03,1.1828
2020-10-04,1.1897
2020-10-05,1.2055
2020-10-06,1.2116
2020-10-07,1.3089
2020-10-08,1.3396
2020-10-09,1.2703
2020-10-10,1.2557
2020-10-11,1.2368
2020-10-12,1.2911
2020-10-13,1.2663
2020-10-14,1.3045
2020-10-15,1.3746
2020-10-16,1.3823
2020-10-17,1.3738
2020-10-18,1.3724
2020-10-19,1.3595
2020-10-20,1.3613
2020-10-21,1.3859
2020-10-22,1.398
2020-10-23,1.4098
2020-10-24,1.4114
2020-10-25,1.4387
2020-10-26,1.3327
2020-10-27,1.4158
2020-10-28,1.3394
2020-10-29,1.3025
2020-10-30,1.1655
2020-10-31,1.1611
2020-11-01,1.1335
2020-11-02,1.0487
2020-11-03,1.3115
2020-11-04,1.2839
2020-11-05,1.2973
2020-11-06,1.2485
2020-11-07,1.3058
2020-11-08,1.2634
2020-11-09,1.2923
2020-11-10,1.2465
2020-11-11,1.2698
2020-11-12,1.2737
2020-11-13,1.3169
2020-11-14,1.2646
2020-11-15,1.2604
2020-11-16,1.3403
2020-11-17,1.2018
2020-11-18,1.2452
2020-11-19,1.2531
2020-11-20,1.1462
2020-11-21,1.1896
2020-11-22,1.2133
2020-11-23,1.3058
2020-11-24,1.2934
2020-11-25,1.3481
2020-11-26,1.3942
2020-11-27,1.4626
2020-11-28,1.402
2020-11-29,1.3506
2020-11-30,1.4413
2020-12-01,1.4755
2020-12-02,1.454
2020-12-03,1.4006
2020-12-04,1.4515
2020-12-05,1.4122
2020-12-06,1.4456
2020-12-07,1.4154
2020-12-08,1.391
2020-12-09,1.3914
2020-12-10,1.4357
2020-12-11,1.4835
2020-12-12,1.4921
2020-12-13,1.5027
2020-12-14,1.5594
2020-12-15,1.5637
2020-12-16,1.5506
2020-12-17,1.5104
2020-12-18,1.4006
2020-12-19,1.4208
2020-12-20,1.511
2020-12-21,1.6006
2020-12-22,1.6298
2020-12-23,1.474
2020-12-24,1.6928
2020-12-25,1.7316
2020-12-26,1.6711
2020-12-27,1.735
2020-12-28,1.9326
2020-12-29,1.9562
2020-12-30,1.9397
2020-12-31,1.9632
2021-01-01,1.9499
2021-01-02,1.9578
2021-01-03,1.9439
2021-01-04,2.0391
2021-01-05,1.8698
2021-01-06,1.8528
2021-01-07,2.0063
2021-01-08,2.1419
2021-01-09,2.1392
2021-01-10,2.0881
2021-01-11,2.22
2021-01-12,2.6434
2021-01-13,2.3364
2021-01-14,2.1123
2021-01-15,2.0089
2021-01-16,1.9136
2021-01-17,1.8337
2021-01-18,1.8352
2021-01-19,1.8277
2021-01-20,1.9546
2021-01-21,1.9589
2021-01-22,2.0521
2021-01-23,1.9877
2021-01-24,2.1025
2021-01-25,1.9725
2021-01-26,1.9069
2021-01-27,1.7999
2021-01-28,1.9066
2021-01-29,1.8157
2021-01-30,1.7819
2021-01-31,1.8218
2021-02-01,1.7116
2021-02-02,1.7316
2021-02-03,1.5867
2021-02-04,1.7361
2021-02-05,1.7368
2021-02-06,1.6111
2021-02-07,1.7475
2021-02-08,1.9964
2021-02-09,1.9033
2021-02-10,1.7918
2021-02-11,1.6046
2021-02-12,1.5841
2021-02-13,1.6548
2021-02-14,1.6324
2021-02-15,1.4348
2021-02-16,1.4312
2021-02-17,1.4432
2021-02-18,1.515
2021-02-19,1.4909
2021-02-20,1.4094
2021-02-21,1.4292
2021-02-22,1.3835
2021-02-23,1.4066
2021-02-24,1.3656
2021-02-25,1.3819
2021-02-26,1.3962
2021-02-27,1.41
2021-02-28,1.4388
2021-03-01,1.5121
2021-03-02,1.5136
2021-03-03,1.55
2021-03-04,1.5315
2021-03-05,1.5379
2021-03-06,1.5397
2021-03-07,1.5661
2021-03-08,1.5431
2021-03-09,1.4875
2021-03-10,1.5835
2021-03-11,1.5919
2021-03-12,1.6237
2021-03-13,1.6251
2021-03-14,1.6097
2021-03-15,1.5123
2021-03-16,1.4546
2021-03-17,1.5748
2021-03-18,1.4848
2021-03-19,1.4677
2021-03-20,1.4225
2021-03-21,1.498
2021-03-22,1.5306
2021-03-23,1.5139
2021-03-24,1.5701
2021-03-25,1.5451
2021-03-26,1.6015
2021-03-27,1.6423
2021-03-28,1.6448
2021-03-29,1.5361
2021-03-30,1.5674
2021-03-31,1.589
2021-04-01,1.7453
2021-04-02,1.6929
2021-04-03,1.7213
2021-04-04,1.6034
2021-04-05,1.6588
2021-04-06,1.8342
2021-04-07,1.9883
2021-04-08,1.7577
2021-04-09,1.7389
2021-04-10,1.789
2021-04-11,1.8064
2021-04-12,1.9492
2021-04-13,1.9097
2021-04-14,1.8826
2021-04-15,1.9484
2021-04-16,1.9022
2021-04-17,1.853
2021-04-18,1.8835
2021-04-19,1.8728
2021-04-20,1.9147
2021-04-21,1.8741
2021-04-22,1.8894
2021-04-23,1.8075
2021-04-24,1.7609
2021-04-25,1.8199
2021-04-26,1.8312
2021-04-27,2.0079
2021-04-28,2.0257
2021-04-29,2.0857
2021-04-30,2.2009
2021-05-01,2.2126
2021-05-02,2.1773
2021-05-03,2.1888
2021-05-04,2.2229
2021-05-05,2.2285
2021-05-06,2.374
2021-05-07,2.1879
2021-05-08,2.3034
2021-05-09,2.2206
2021-05-10,2.1964
2021-05-11,2.2416
2021-05-12,2.2772
2021-05-13,2.3604
2021-05-14,2.426
2021-05-15,2.3525
2021-05-16,2.3169
2021-05-17,2.3254
2021-05-18,2.1767
2021-05-19,2.0336
2021-05-20,2.1878
2021-05-21,2.3037
2021-05-22,2.2705
2021-05-23,2.2453
2021-05-24,2.2166
2021-05-25,2.4278
2021-05-26,2.4255
2021-05-27,2.2319
2021-05-28,2.1654
2021-05-29,2.2441
2021-05-30,2.2199
2021-05-31,2.1586
2021-06-01,2.1874
2021-06-02,2.1758
2021-06-03,2.2461
2021-06-04,2.1805
2021-06-05,2.1295
2021-06-06,2.1558
2021-06-07,2.1818
2021-06-08,2.2817
2021-06-09,2.3145
2021-06-10,2.3569
2021-06-11,2.3351
2021-06-12,2.3792
2021-06-13,2.3591
2021-06-14,2.4231
2021-06-15,2.35
2021-06-16,2.4016
2021-06-17,2.4055
2021-06-18,2.5327
2021-06-19,2.5661
2021-06-20,2.5792
2021-06-21,2.5745
2021-06-22,2.656
2021-06-23,2.7638
2021-06-24,2.7422
2021-06-25,2.85
2021-06-26,2.8452
2021-06-27,2.7593
2021-06-28,2.7509
2021-06-29,2.8498
2021-06-30,3.0511
2021-07-01,3.1611
2021-07-02,3.1241
2021-07-03,3.018
2021-07-04,2.9789
2021-07-05,3.1508
2021-07-06,2.8555
2021-07-07,2.8166
2021-07-08,2.8713
2021-07-09,3.0855
2021-07-10,3.0974
2021-07-11,3.0389
2021-07-12,2.9197
2021-07-13,3.0001
2021-07-14,2.8204
2021-07-15,2.8263
2021-07-16,2.9807
2021-07-17,2.9882
2021-07-18,2.9807
2021-07-19,3.0588
2021-07-20,3.0716
2021-07-21,3.0821
2021-07-22,3.1
2021-07-23,3.025
2021-07-24,3.05
2021-07-25,3.0892
2021-07-26,3.2263
2021-07-27,3.3379
2021-07-28,3.4516
2021-07-29,3.5754
2021-07-30,3.5161
2021-07-31,3.4978
2021-08-01,3.524
2021-08-02,3.6445
2021-08-03,3.5749
2021-08-04,3.6563
2021-08-05,3.5658
2021-08-06,3.5883
2021-08-07,3.5696
2021-08-08,3.5893
2021-08-09,3.7199
2021-08-10,3.7417
2021-08-11,3.8203
2021-08-12,3.7416
2021-08-13,3.6383
2021-08-14,3.7334
2021-08-15,3.7239
2021-08-16,3.8697
2021-08-17,3.9284
2021-08-18,3.8384
2021-08-19,3.3897
2021-08-20,3.5454
2021-08-21,3.5635
2021-08-22,3.5725
2021-08-23,3.6097
2021-08-24,3.7897
2021-08-25,3.8258
2021-08-26,3.8642
2021-08-27,4.0053
2021-08-28,3.9972
2021-08-29,3.9451
2021-08-30,4.1047
2021-08-31,4.2681
2021-09-01,4.3047
2021-09-02,4.433
2021-09-03,4.4389
2021-09-04,4.4486
2021-09-05,4.3558
2021-09-06,4.4809
2021-09-07,4.533
2021-09-08,4.7034
2021-09-09,4.8198
2021-09-10,4.7563
2021-09-11,4.7622
2021-09-12,4.825
2021-09-13,5.1698
2021-09-14,5.7087
2021-09-15,5.2921
2021-09-16,4.9779
2021-09-17,5.4025
2021-09-18,5.3963
2021-09-19,5.3824
2021-09-20,6.1092
2021-09-21,6.0371
2021-09-22,5.8485
2021-09-23,5.749
2021-09-24,5.3827
2021-09-25,5.0324
2021-09-26,4.4832
2021-09-27,5.1047
2021-09-28,5.6287
2021-09-29,5.9311
2021-09-30,6.9784
2021-10-01,6.4748
2021-10-02,5.8952
2021-10-03,6.3087
2021-10-04,7.3386
2021-10-05,8.9936
2021-10-06,9.1312
2021-10-07,8.1651
2021-10-08,6.8403
2021-10-09,7.1699
2021-10-10,7.1852
2021-10-11,7.0811
2021-10-12,7.048
2021-10-13,7.3122
2021-10-14,7.7399
2021-10-15,7.1123
2021-10-16,7.3525
2021-10-17,7.1122
2021-10-18,7.263
2021-10-19,6.9415
2021-10-20,7.2006
2021-10-21,7.1799
2021-10-22,7.1006
2021-10-23,7.2489
2021-10-24,7.0864
2021-10-25,6.9896
2021-10-26,7.1946
2021-10-27,6.818
2021-10-28,6.5151
2021-10-29,5.4213
2021-10-30,5.0659
2021-10-31,5.0683
2021-11-01,5.31
2021-11-02,5.7008
2021-11-03,6.1515
2021-11-04,6.1697
2021-11-05,6.106
2021-11-06,5.6836
2021-11-07,5.8319
2021-11-08,6.259
2021-11-09,5.8416
2021-11-10,5.5905
2021-11-11,5.915
2021-11-12,5.9763
2021-11-13,6.1849
2021-11-14,6.1026
2021-11-15,6.6909
2021-11-16,7.2147
2021-11-17,7.4249
2021-11-18,7.4655
2021-11-19,7.0476
2021-11-20,6.7691
2021-11-21,7.3598
2021-11-22,7.2899
2021-11-23,7.7662
2021-11-24,7.8254
2021-11-25,7.2899
2021-11-26,7.4466
2021-11-27,7.6147
2021-11-28,7.7533
2021-11-29,8.1461
2021-11-30,7.6549
2021-12-01,8.0803
2021-12-02,8.0078
2021-12-03,7.7677
2021-12-04,7.3215
2021-12-05,7.503
2021-12-06,7.7106
2021-12-07,8.2628
2021-12-08,8.7503
2021-12-09,8.5744
2021-12-10,8.8227
2021-12-11,9.0635
2021-12-12,8.7688
2021-12-13,9.623
2021-12-14,10.0883
2021-12-15,10.498
2021-12-16,11.3981
2021-12-17,11.4674
2021-12-18,11.6441
2021-12-19,13.0011
2021-12-20,13.0468
2021-12-21,14.2232
2021-12-22,14.5043
2021-12-23,11.2694
2021-12-24,7.273
2021-12-25,6.9856
2021-12-26,6.906
2021-12-27,7.1425
2021-12-28,7.4581
2021-12-29,7.1562
2021-12-30,6.4412
2021-12-31,4.8671
2022-01-01,1.5221
2022-01-02,2.0805
2022-01-03,5.3375
2022-01-04,6.3142
2022-01-05,7.6359
2022-01-06,7.8374
2022-01-07,6.8572
2022-01-08,6.5583
2022-01-09,7.0472
2022-01-10,7.0516
2022-01-11,6.5893
2022-01-12,6.234
2022-01-13,6.469
2022-01-14,6.9129
2022-01-15,7.3461
2022-01-16,7.308
2022-01-17,6.919
2022-01-18,6.7258
2022-01-19,6.0707
2022-01-20,6.1988
2022-01-21,6.3607
2022-01-22,6.3583
2022-01-23,6.464
2022-01-24,7.4967
2022-01-25,7.628
2022-01-26,7.3112
2022-01-27,7.4518
2022-01-28,7.5118
2022-01-29,7.5312
2022-01-30,7.6451
2022-01-31,7.1077
2022-02-01,6.0559
2022-02-02,5.9
2022-02-03,6.0495
2022-02-04,6.3179
2022-02-05,6.5767
2022-02-06,6.387
2022-02-07,6.4417
2022-02-08,6.2583
2022-02-09,6.2167
2022-02-10,6.0907
2022-02-11,6.1027
2022-02-12,6.2314
2022-02-13,6.3007
2022-02-14,6.3927
2022-02-15,5.6017
2022-02-16,5.5175
2022-02-17,5.7549
2022-02-18,5.9175
2022-02-19,6.5141
2022-02-20,6.1706
2022-02-21,6.0461
2022-02-22,6.1302
2022-02-23,6.7499
2022-02-24,8.7713
2022-02-25,7.2468
2022-02-26,8.0211
2022-02-27,8.1784
2022-02-28,8.3894
2022-03-01,9.5401
2022-03-02,12.4195
2022-03-03,13.1209
2022-03-04,14.6407
2022-03-05,15.4378
2022-03-06,15.5278
2022-03-07,17.2482
2022-03-08,17.1121
2022-03-09,13.9936
2022-03-10,11.0825
2022-03-11,10.5541
2022-03-12,8.805
2022-03-13,9.2728
2022-03-14,8.7174
2022-03-15,9.1227
2022-03-16,8.593
2022-03-17,8.0739
2022-03-18,7.7021
2022-03-19,6.0134
2022-03-20,7.3455
2022-03-21,7.5553
2022-03-22,7.4156
2022-03-23,7.8643
2022-03-24,8.4986
2022-03-25,7.9531
2022-03-26,6.9561
2022-03-27,7.4862
2022-03-28,8.1037
2022-03-29,8.7111
2022-03-30,9.2969
2022-03-31,9.8223
2022-04-01,9.7162
2022-04-02,9.4571
2022-04-03,8.2384
2022-04-04,8.0747
2022-04-05,7.82
2022-04-06,7.9241
2022-04-07,7.9493
2022-04-08,8.0839
2022-04-09,8.3124
2022-04-10,7.6413
2022-04-11,7.2038
2022-04-12,7.2717
2022-04-13,6.8162
2022-04-14,5.3292
2022-04-15,6.1771
2022-04-16,3.7784
2022-04-17,2.9299
2022-04-18,5.2525
2022-04-19,5.5755
2022-04-20,5.1257
2022-04-21,4.8477
2022-04-22,4.7229
2022-04-23,5.8759
2022-04-24,6.3342
2022-04-25,4.8825
2022-04-26,5.0469
2022-04-27,4.8316
2022-04-28,4.4529
2022-04-29,3.7543
2022-04-30,2.6741
2022-05-01,3.5129
2022-05-02,4.3594
2022-05-03,4.4307
2022-05-04,3.9246
2022-05-05,3.8416
2022-05-06,2.8888
2022-05-07,4.6836
2022-05-08,3.7626
2022-05-09,2.0452
2022-05-10,0.7407
2022-05-11,1.3846
2022-05-12,1.7463
2022-05-13,2.1435
2022-05-14,3.0943
2022-05-15,2.9106
2022-05-16,3.9903
2022-05-17,3.4206
2022-05-18,1.9554
2022-05-19,2.7638
2022-05-20,2.693
2022-05-21,3.3533
2022-05-22,4.1727
2022-05-23,4.4007
2022-05-24,4.1222
2022-05-25,3.5147
2022-05-26,3.1012
2022-05-27,4.4962
2022-05-28,5.3947
2022-05-29,5.275
2022-05-30,5.4322
2022-05-31,5.0216
2022-06-01,3.881
2022-06-02,3.9846
2022-06-03,4.2323
2022-06-04,4.2682
2022-06-05,4.76
2022-06-06,4.7675
2022-06-07,4.3398
2022-06-08,3.5625
2022-06-09,1.4633
2022-06-10,0.43
2022-06-11,3.7949
2022-06-12,4.7764
2022-06-13,4.993
2022-06-14,5.5463
2022-06-15,6.8668
2022-06-16,5.1021
2022-06-17,4.8321
2022-06-18,5.741
2022-06-19,6.2438
2022-06-20,5.8723
2022-06-21,6.4404
2022-06-22,6.5813
2022-06-23,6.4717
2022-06-24,5.6547
2022-06-25,4.8621
2022-06-26,4.0902
2022-06-27,4.6325
2022-06-28,5.4192
2022-06-29,5.6972
2022-06-30,5.5106
2022-07-01,5.4369
2022-07-02,5.779
2022-07-03,5.8209
2022-07-04,6.9273
2022-07-05,8.0932
2022-07-06,6.455
2022-07-07,7.1719
2022-07-08,7.0126
2022-07-09,6.9973
2022-07-10,7.3059
2022-07-11,7.7019
2022-07-12,8.5035
2022-07-13,9.2999
2022-07-14,7.7166
2022-07-15,6.4094
2022-07-16,5.5547
2022-07-17,5.3583
2022-07-18,6.2297
2022-07-19,6.3918
2022-07-20,7.3505
2022-07-21,8.609
2022-07-22,9.6345
2022-07-23,8.7534
2022-07-24,7.6136
2022-07-25,8.5164
2022-07-26,10.4727
2022-07-27,11.4773
2022-07-28,11.43
2022-07-29,10.1478
2022-07-30,9.1376
2022-07-31,9.4749
2022-08-01,9.623
2022-08-02,8.5453
2022-08-03,9.7987
2022-08-04,9.4282
2022-08-05,9.6481
2022-08-06,8.308
2022-08-07,9.1138
2022-08-08,9.8639
2022-08-09,9.755
2022-08-10,10.212
2022-08-11,10.5289
2022-08-12,11.9647
2022-08-13,12.3301
2022-08-14,12.3718
2022-08-15,12.6299
2022-08-16,12.8458
2022-08-17,13.0352
2022-08-18,12.8544
2022-08-19,12.6272
2022-08-20,12.3893
2022-08-21,13.3553
2022-08-22,15.2128
2022-08-23,15.7995
2022-08-24,16.9539
2022-08-25,17.8968
2022-08-26,18.3251
2022-08-27,17.7622
2022-08-28,18.5048
2022-08-29,19.389
2022-08-30,16.2526
2022-08-31,12.0391
2022-09-01,11.8945
2022-09-02,9.7496
2022-09-03,8.9704
2022-09-04,9.9629
2022-09-05,9.744
2022-09-06,7.1481
2022-09-07,6.4379
2022-09-08,9.9623
2022-09-09,11.4607
2022-09-10,12.1262
2022-09-11,12.0761
2022-09-12,11.5271
2022-09-13,11.7832
2022-09-14,12.7073
2022-09-15,11.1001
2022-09-16,8.8042
2022-09-17,7.7904
2022-09-18,8.5047
2022-09-19,8.8587
2022-09-20,8.9799
2022-09-21,8.0313
2022-09-22,8.8654
2022-09-23,8.0062
2022-09-24,8.0591
2022-09-25,6.9372
2022-09-26,6.1385
2022-09-27,7.2024
2022-09-28,7.4697
2022-09-29,7.5376
2022-09-30,6.897
2022-10-01,7.3137
2022-10-02,8.1527
2022-10-03,6.9583
2022-10-04,4.4688
2022-10-05,4.3576
2022-10-06,5.2836
2022-10-07,5.7983
2022-10-08,5.0111
2022-10-09,5.406
2022-10-10,5.5904
2022-10-11,5.8837
2022-10-12,6.1326
2022-10-13,5.7246
2022-10-14,4.2877
2022-10-15,3.7134
2022-10-16,3.3227
2022-10-17,2.0838
2022-10-18,0.8247
2022-10-19,1.1141
2022-10-20,2.7577
2022-10-21,2.9
2022-10-22,1.5359
2022-10-23,0.9121
2022-10-24,1.2473
2022-10-25,1.224
2022-10-26,1.5138
2022-10-27,1.9752
2022-10-28,2.1779
2022-10-29,2.6041
2022-10-30,3.2621
2022-10-31,2.9121
2022-11-01,1.8615
2022-11-02,3.8468
2022-11-03,4.5865
2022-11-04,4.3101
2022-11-05,3.6387
2022-11-06,3.0275
2022-11-07,2.6909
2022-11-08,3.2953
2022-11-09,3.3575
2022-11-10,3.2139
2022-11-11,3.1053
2022-11-12,3.5062
2022-11-13,3.8961
2022-11-14,3.4127
2022-11-15,3.6818
2022-11-16,2.8682
2022-11-17,2.8611
2022-11-18,3.4351
2022-11-19,2.5761
2022-11-20,3.0674
2022-11-21,3.4659
2022-11-22,4.1542
2022-11-23,4.3613
2022-11-24,4.9171
2022-11-25,5.2069
2022-11-26,5.1229
2022-11-27,6.4047
2022-11-28,8.3247
2022-11-29,11.1021
2022-11-30,11.5542
2022-12-01,11.9123
2022-12-02,11.3612
2022-12-03,11.1249
2022-12-04,11.603
2022-12-05,11.5245
2022-12-06,11.6559
2022-12-07,12.6602
2022-12-08,12.6001
2022-12-09,12.5933
2022-12-10,12.1608
2022-12-11,13.0774
2022-12-12,12.3475
2022-12-13,12.1119
2022-12-14,11.8513
2022-12-15,11.5544
2022-12-16,9.9824
2022-12-17,9.6295
2022-12-18,9.1868
2022-12-19,8.3931
2022-12-20,7.5912
2022-12-21,7.5528
2022-12-22,7.0442
2022-12-23,6.107
2022-12-24,6.0332
2022-12-25,5.7054
2022-12-26,6.2621
2022-12-27,6.4625
2022-12-28,5.8369
2022-12-29,5.7103
2022-12-30,5.8352
2022-12-31,5.9093
2023-01-01,5.7764
2023-01-02,5.9978
2023-01-03,5.6898
2023-01-04,5.0746
2023-01-05,5.0837
2023-01-06,5.1781
2023-01-07,5.6533
2023-01-08,5.8583
2023-01-09,5.8128
2023-01-10,5.6208
2023-01-11,5.4858
2023-01-12,5.6646
2023-01-13,5.5287
2023-01-14,5.4769
2023-01-15,5.6585
2023-01-16,5.2956
2023-01-17,5.1855
2023-01-18,5.3021
2023-01-19,5.3267
2023-01-20,5.4732
2023-01-21,5.6976
2023-01-22,6.1565
2023-01-23,5.8806
2023-01-24,5.1437
2023-01-25,5.1564
2023-01-26,4.9906
2023-01-27,5.1437
2023-01-28,4.8627
2023-01-29,4.6852
2023-01-30,4.8194
2023-01-31,5.0169
2023-02-01,5.2649
2023-02-02,5.0372
2023-02-03,5.1112
2023-02-04,5.3017
2023-02-05,5.5399
2023-02-06,5.347
2023-02-07,4.9653
2023-02-08,4.7297
2023-02-09,4.6503
2023-02-10,4.8045
2023-02-11,4.6578
2023-02-12,4.5557
2023-02-13,4.4833
2023-02-14,4.5649
2023-02-15,4.6714
2023-02-16,4.4046
2023-02-17,4.1138
2023-02-18,4.0518
2023-02-19,4.0283
2023-02-20,4.1076
2023-02-21,4.3462
2023-02-22,4.2262
2023-02-23,4.4584
2023-02-24,4.5793
2023-02-25,4.4448
2023-02-26,4.4524
2023-02-27,4.2583
2023-02-28,4.144
2023-03-01,4.2508
2023-03-02,4.3259
2023-03-03,4.2215
2023-03-04,4.3246
2023-03-05,4.3304
2023-03-06,4.0239
2023-03-07,4.145
2023-03-08,4.0816
2023-03-09,4.0005
2023-03-10,4.4084
2023-03-11,4.5827
2023-03-12,4.3641
2023-03-13,4.2586
2023-03-14,3.9126
2023-03-15,3.8679
2023-03-16,3.6698
2023-03-17,3.5555
2023-03-18,3.5183
2023-03-19,3.5349
2023-03-20,3.3642
2023-03-21,3.2671
2023-03-22,3.2357
2023-03-23,3.4552
2023-03-24,3.5515
2023-03-25,3.6028
2023-03-26,3.681
2023-03-27,3.4372
2023-03-28,3.6083
2023-03-29,3.5781
2023-03-30,3.5198
2023-03-31,3.872
2023-04-01,3.9539
2023-04-02,3.9331
2023-04-03,4.0326
2023-04-04,3.8605
2023-04-05,3.8524
2023-04-06,3.4216
2023-04-07,3.4842
2023-04-08,3.4248
2023-04-09,3.4209
2023-04-10,3.2771
2023-04-11,3.4141
2023-04-12,3.513
2023-04-13,3.4194
2023-04-14,3.4185
2023-04-15,3.3345
2023-04-16,3.4262
2023-04-17,3.4138
2023-04-18,3.4168
2023-04-19,3.1113
2023-04-20,3.2708
2023-04-21,3.3418
2023-04-22,3.3697
2023-04-23,3.3897
2023-04-24,3.3062
2023-04-25,3.282
2023-04-26,3.1606
2023-04-27,3.1993
2023-04-28,3.0995
2023-04-29,3.043
2023-04-30,2.9564
2023-05-01,3.0494
2023-05-02,3.0453
2023-05-03,2.8993
2023-05-04,2.8282
2023-05-05,2.8455
2023-05-06,3.0241
2023-05-07,2.9153
2023-05-08,3.0113
2023-05-09,3.0073
2023-05-10,2.8513
2023-05-11,2.831
2023-05-12,2.7027
2023-05-13,2.7062
2023-05-14,2.6571
2023-05-15,2.4804
2023-05-16,2.5115
2023-05-17,2.4362
2023-05-18,2.2631
2023-05-19,2.1833
2023-05-20,2.281
2023-05-21,2.1997
2023-05-22,2.2011
2023-05-23,2.2949
2023-05-24,2.2564
2023-05-25,2.1022
2023-05-26,1.9888
2023-05-27,2.1339
2023-05-28,2.0911
2023-05-29,2.0942
2023-05-30,2.0764
2023-05-31,2.166
2023-06-01,2.0401
2023-06-02,1.9442
2023-06-03,1.9227
2023-06-04,2.009
2023-06-05,2.3043
2023-06-06,2.2804
2023-06-07,2.2317
2023-06-08,2.2173
2023-06-09,2.5993
2023-06-10,2.7737
2023-06-11,2.8773
2023-06-12,2.7726
2023-06-13,2.8777
2023-06-14,3.2257
2023-06-15,3.5064
2023-06-16,2.9587
2023-06-17,2.9445
2023-06-18,2.9119
2023-06-19,2.927
2023-06-20,3.26
2023-06-21,3.2578
2023-06-22,2.9917
2023-06-23,2.8461
2023-06-24,2.9502
2023-06-25,2.994
2023-06-26,2.9258
2023-06-27,2.9166
2023-06-28,2.898
2023-06-29,2.8786
2023-06-30,3.0051
2023-07-01,3.251
2023-07-02,3.2729
2023-07-03,3.0712
2023-07-04,2.929
2023-07-05,2.8748
2023-07-06,2.6464
2023-07-07,2.7218
2023-07-08,2.7663
2023-07-09,2.7941
2023-07-10,2.6142
2023-07-11,2.4928
2023-07-12,2.2734
2023-07-13,2.1875
2023-07-14,2.1788
2023-07-15,2.0175
2023-07-16,1.9735
2023-07-17,2.0301
2023-07-18,2.2726
2023-07-19,2.3116
2023-07-20,2.3818
2023-07-21,2.4349
2023-07-22,2.3859
2023-07-23,2.2955
2023-07-24,2.4476
2023-07-25,2.7308
2023-07-26,2.5213
2023-07-27,2.3802
2023-07-28,2.1854
2023-07-29,2.0573
2023-07-30,2.0454
2023-07-31,2.1052
2023-08-01,2.2661
2023-08-02,2.3286
2023-08-03,2.5563
2023-08-04,2.4855
2023-08-05,2.4197
2023-08-06,2.4008
2023-08-07,2.4033
2023-08-08,2.4525
2023-08-09,2.9852
2023-08-10,2.9459
2023-08-11,2.7892
2023-08-12,2.7947
2023-08-13,2.9078
2023-08-14,2.8159
2023-08-15,3.0605
2023-08-16,3.0187
2023-08-17,2.8874
2023-08-18,2.9167
2023-08-19,3.0703
2023-08-20,3.3067
2023-08-21,3.3353
2023-08-22,3.6002
2023-08-23,3.2802
2023-08-24,2.8656
2023-08-25,2.8888
2023-08-26,2.9721
2023-08-27,2.9199
2023-08-28,3.1787
2023-08-29,3.1241
2023-08-30,3.0792
2023-08-31,2.9442
2023-09-01,3.0157
2023-09-02,3.0688
2023-09-03,3.0491
2023-09-04,2.8197
2023-09-05,2.7611
2023-09-06,2.6865
2023-09-07,2.6797
2023-09-08,2.8402
2023-09-09,3.0924
2023-09-10,3.1562
2023-09-11,3.1864
2023-09-12,3.0152
2023-09-13,3.1623
2023-09-14,3.1582
2023-09-15,3.1734
2023-09-16,3.2499
2023-09-17,3.2215
2023-09-18,3.0382
2023-09-19,3.1978
2023-09-20,3.2031
2023-09-21,3.324
2023-09-22,3.4909
2023-09-23,3.4761
2023-09-24,3.471
2023-09-25,3.5758
2023-09-26,3.3762
2023-09-27,3.48
2023-09-28,3.4764
2023-09-29,3.3627
2023-09-30,3.3641
2023-10-01,3.3464
2023-10-02,2.9765
2023-10-03,2.5349
2023-10-04,2.5818
2023-10-05,2.302
2023-10-06,2.7031
2023-10-07,2.8659
2023-10-08,2.987
2023-10-09,3.1121
2023-10-10,3.6963
2023-10-11,3.8806
2023-10-12,4.1613
2023-10-13,4.5498
2023-10-14,4.5149
2023-10-15,4.568
2023-10-16,4.2428
2023-10-17,3.6429
2023-10-18,3.7466
2023-10-19,3.5793
2023-10-20,3.76
2023-10-21,3.9143
2023-10-22,4.0656
2023-10-23,4.1938
2023-10-24,4.0928
2023-10-25,4.1416
2023-10-26,4.0918
2023-10-27,4.1125
2023-10-28,4.3452
2023-10-29,4.3687
2023-10-30,4.346
2023-10-31,3.9121
2023-11-01,3.2298
2023-11-02,3.4096
2023-11-03,3.4636
2023-11-04,3.6952
2023-11-05,3.5633
2023-11-06,3.5255
2023-11-07,3.5615
2023-11-08,3.5825
2023-11-09,3.568
2023-11-10,3.5727
2023-11-11,3.5302
2023-11-12,3.353
2023-11-13,3.2667
2023-11-14,3.3906
2023-11-15,3.6165
2023-11-16,3.5951
2023-11-17,3.5692
2023-11-18,3.5604
2023-11-19,3.6003
2023-11-20,3.7919
2023-11-21,3.8561
2023-11-22,3.8686
2023-11-23,4.0511
2023-11-24,4.1659
2023-11-25,4.1504
2023-11-26,4.1593
2023-11-27,3.9934
2023-11-28,3.8446
2023-11-29,3.6292
2023-11-30,3.7015
2023-12-01,3.7111
2023-12-02,3.8564
2023-12-03,3.6017
2023-12-04,3.4556
2023-12-05,3.3141
2023-12-06,3.3199
2023-12-07,3.4006
2023-12-08,3.2734
2023-12-09,3.188
2023-12-10,3.211
2023-12-11,3.0761
2023-12-12,2.9226
2023-12-13,2.8879
2023-12-14,2.8311
2023-12-15,2.6839
2023-12-16,2.5297
2023-12-17,2.5843
2023-12-18,2.6417
2023-12-19,2.5425
2023-12-20,2.4868
2023-12-21,2.5088
2023-12-22,2.6228
2023-12-23,2.6775
2023-12-24,2.5336
2023-12-25,2.5618
2023-12-26,2.7061
2023-12-27,2.6934
2023-12-28,2.7109
2023-12-29,2.679
2023-12-30,2.6067
2023-12-31,2.5549
2024-01-01,2.4216
2024-01-02,2.4129
2024-01-03,2.6722
2024-01-04,2.929
2024-01-05,2.9712
2024-01-06,2.9129
2024-01-07,3.0238
2024-01-08,2.8786
2024-01-09,2.6873
2024-01-10,2.7751
2024-01-11,2.7035
2024-01-12,2.8775
2024-01-13,2.686
2024-01-14,2.6781
2024-01-15,2.6366
2024-01-16,2.56
2024-01-17,2.4196
2024-01-18,2.4186
2024-01-19,2.3893
2024-01-20,2.4033
2024-01-21,2.3276
2024-01-22,2.293
2024-01-23,2.2645
2024-01-24,2.3225
2024-01-25,2.3726
2024-01-26,2.3227
2024-01-27,2.4971
2024-01-28,2.4662
2024-01-29,2.3995
2024-01-30,2.4427
2024-01-31,2.5035
2024-02-01,2.4553
2024-02-02,2.3749
2024-02-03,2.3783
2024-02-04,2.4751
2024-02-05,2.4394
2024-02-06,2.4552
2024-02-07,2.44
2024-02-08,2.3957
2024-02-09,2.2548
2024-02-10,2.1527
2024-02-11,2.1249
2024-02-12,2.1488
2024-02-13,2.1749
2024-02-14,2.0229
2024-02-15,2.0249
2024-02-16,2.0307
2024-02-17,1.9404
2024-02-18,1.8774
2024-02-19,1.9021
2024-02-20,1.9637
2024-02-21,2.0037
2024-02-22,1.9735
2024-02-23,1.968
2024-02-24,1.9503
2024-02-25,1.9102
2024-02-26,2.0253
2024-02-27,2.1023
2024-02-28,2.1787
2024-02-29,2.1805
2024-03-01,2.2778
2024-03-02,2.2039
2024-03-03,2.2467
2024-03-04,2.3013
2024-03-05,2.4424
2024-03-06,2.3269
2024-03-07,2.3283
2024-03-08,2.3445
2024-03-09,2.3488
2024-03-10,2.3695
2024-03-11,2.3487
2024-03-12,2.1932
2024-03-13,2.1367
2024-03-14,2.1848
2024-03-15,2.2611
2024-03-16,2.4364
2024-03-17,2.3985
2024-03-18,2.4943
2024-03-19,2.5315
2024-03-20,2.4292
2024-03-21,2.3251
2024-03-22,2.3726
2024-03-23,2.3223
2024-03-24,2.3732
2024-03-25,2.4505
2024-03-26,2.3815
2024-03-27,2.3624
2024-03-28,2.3081
2024-03-29,2.3259
2024-03-30,2.2388
2024-03-31,2.2639
2024-04-01,2.3396
2024-04-02,2.2736
2024-04-03,2.1472
2024-04-04,2.1333
2024-04-05,2.1673
2024-04-06,2.1956
2024-04-07,2.2359
2024-04-08,2.2858
2024-04-09,2.2476
2024-04-10,2.3082
2024-04-11,2.3942
2024-04-12,2.4354
2024-04-13,2.5158
2024-04-14,2.7247
2024-04-15,2.629
2024-04-16,2.7833
2024-04-17,2.7571
2024-04-18,2.7294
2024-04-19,2.63
2024-04-20,2.5066
2024-04-21,2.5624
2024-04-22,2.5806
2024-04-23,2.4392
2024-04-24,2.5062
2024-04-25,2.6056
2024-04-26,2.5453
2024-04-27,2.7003
2024-04-28,2.6226
2024-04-29,2.5131
2024-04-30,2.4696
2024-05-01,2.4038
2024-05-02,2.553
2024-05-03,2.5687
2024-05-04,2.5742
2024-05-05,2.5585
2024-05-06,2.6955
2024-05-07,2.6199
2024-05-08,2.5677
2024-05-09,2.5525
2024-05-10,2.4753
2024-05-11,2.4501
2024-05-12,2.3821
2024-05-13,2.3206
2024-05-14,2.4667
2024-05-15,2.4807
2024-05-16,2.4537
2024-05-17,2.5088
2024-05-18,2.5894
2024-05-19,2.5661
2024-05-20,2.6227
2024-05-21,2.6712
2024-05-22,2.7894
2024-05-23,2.9692
2024-05-24,2.9241
2024-05-25,2.865
2024-05-26,2.838
2024-05-27,2.8777
2024-05-28,2.8292
2024-05-29,2.8279
2024-05-30,2.8676
2024-05-31,2.891
2024-06-01,2.8852
2024-06-02,2.9148
2024-06-03,2.9692
2024-06-04,2.8274
2024-06-05,2.7707
2024-06-06,2.737
2024-06-07,2.7574
2024-06-08,2.7756
2024-06-09,2.7749
2024-06-10,2.7686
2024-06-11,2.8001
2024-06-12,2.8535
2024-06-13,2.9329
2024-06-14,2.8796
2024-06-15,2.8729
2024-06-16,2.8573
2024-06-17,2.8165
2024-06-18,2.816
2024-06-19,2.8266
2024-06-20,2.8214
2024-06-21,2.8043
2024-06-22,2.8047
2024-06-23,2.8262
2024-06-24,2.8089
2024-06-25,2.8042
2024-06-26,2.7804
2024-06-27,2.7323
2024-06-28,2.7351
2024-06-29,2.7896
2024-06-30,2.8063
2024-07-01,2.7427
2024-07-02,2.6997
2024-07-03,2.59
2024-07-04,2.6633
2024-07-05,2.623
2024-07-06,2.5941
2024-07-07,2.606
2024-07-08,2.6267
2024-07-09,2.4873
2024-07-10,2.4446
2024-07-11,2.4555
2024-07-12,2.4577
2024-07-13,2.4791
2024-07-14,2.4401
2024-07-15,2.4714
2024-07-16,2.5942
2024-07-17,2.514
2024-07-18,2.5316
2024-07-19,2.4875
2024-07-20,2.4675
2024-07-21,2.4867
2024-07-22,2.4912
2024-07-23,2.4725
2024-07-24,2.5536
2024-07-25,2.4804
2024-07-26,2.5454
2024-07-27,2.5567
2024-07-28,2.4948
2024-07-29,2.604
2024-07-30,2.7132
2024-07-31,2.7652
2024-08-01,2.8881
2024-08-02,2.8109
2024-08-03,2.8054
2024-08-04,2.749
2024-08-05,2.6883
2024-08-06,2.6994
2024-08-07,2.7299
2024-08-08,2.7521
2024-08-09,2.7918
2024-08-10,2.9331
2024-08-11,2.9184
2024-08-12,2.9242
2024-08-13,2.8969
2024-08-14,2.7552
2024-08-15,2.6749
2024-08-16,2.7319
2024-08-17,2.8065
2024-08-18,2.8148
2024-08-19,2.9837
2024-08-20,2.9904
2024-08-21,2.9426
2024-08-22,2.9298
2024-08-23,2.9159
2024-08-24,2.7332
2024-08-25,2.7715
2024-08-26,2.8463
2024-08-27,2.9202
2024-08-28,3.1291
2024-08-29,3.1207
2024-08-30,3.1985
2024-08-31,3.1289
2024-09-01,3.1251
2024-09-02,3.1989
2024-09-03,3.0426
2024-09-04,2.9521
2024-09-05,2.9484
2024-09-06,3.0049
2024-09-07,3.0328
2024-09-08,3.0141
2024-09-09,3.0409
2024-09-10,2.9896
2024-09-11,2.9855
2024-09-12,2.9349
2024-09-13,2.8991
2024-09-14,2.9406
2024-09-15,2.9604
2024-09-16,2.8335
2024-09-17,2.8035
2024-09-18,2.8403
2024-09-19,2.7738
2024-09-20,2.812
2024-09-21,2.8687
2024-09-22,2.917
2024-09-23,2.9081
2024-09-24,2.9024
2024-09-25,3.0372
2024-09-26,3.0734
2024-09-27,3.115
2024-09-28,3.2032
2024-09-29,3.1963
2024-09-30,3.1747
2024-10-01,3.2061
2024-10-02,3.216
2024-10-03,3.2165
2024-10-04,3.3373
2024-10-05,3.338
2024-10-06,3.3666
2024-10-07,3.3662
2024-10-08,3.2279
2024-10-09,3.2088
2024-10-10,3.3058
2024-10-11,3.3078
2024-10-12,3.2918
2024-10-13,3.3786
2024-10-14,3.3658
2024-10-15,3.3047
2024-10-16,3.2838
2024-10-17,3.2734
2024-10-18,3.3076
2024-10-19,3.2562
2024-10-20,3.2775
2024-10-21,3.3662
2024-10-22,3.4577
2024-10-23,3.4854
2024-10-24,3.5739
2024-10-25,3.6699
2024-10-26,3.681
2024-10-27,3.6692
2024-10-28,3.649
2024-10-29,3.6349
2024-10-30,3.5364
2024-10-31,3.3838
2024-11-01,3.3366
2024-11-02,3.2845
2024-11-03,3.3368
2024-11-04,3.4241
2024-11-05,3.4895
2024-11-06,3.4923
2024-11-07,3.5122
2024-11-08,3.6326
2024-11-09,3.6273
2024-11-10,3.5845
2024-11-11,3.7133
2024-11-12,3.7911
2024-11-13,3.7996
2024-11-14,3.9079
2024-11-15,3.947
2024-11-16,3.8819
2024-11-17,3.9012
2024-11-18,3.9786
2024-11-19,3.9832
2024-11-20,3.9872
2024-11-21,4.1083
2024-11-22,4.0185
2024-11-23,3.9188
2024-11-24,3.737
2024-11-25,3.9596
2024-11-26,4.0493
2024-11-27,3.9859
2024-11-28,3.9934
2024-11-29,3.9838
2024-11-30,4.0151
2024-12-01,4.0264
2024-12-02,4.1088
2024-12-03,4.1308
2024-12-04,4.0296
2024-12-05,3.9529
2024-12-06,3.9532
2024-12-07,3.9565
2024-12-08,3.9677
2024-12-09,3.877
2024-12-10,3.8236
2024-12-11,3.8132
2024-12-12,3.6692
2024-12-13,3.5546
2024-12-14,3.3634
2024-12-15,3.3434
2024-12-16,3.3317
2024-12-17,3.4344
2024-12-18,3.3886
2024-12-19,3.595
2024-12-20,3.7071
2024-12-21,3.6867
2024-12-22,3.731
2024-12-23,3.8165
2024-12-24,3.8597
2024-12-25,3.8886
2024-12-26,3.9965
2024-12-27,4.0761
2024-12-28,4.1741
2024-12-29,4.1607
2024-12-30,4.1013
2024-12-31,4.1601
2025-01-01,4.1922
2025-01-02,4.2649
2025-01-03,4.2724
2025-01-04,4.2522
2025-01-05,4.2089
2025-01-06,4.122
2025-01-07,4.0326
2025-01-08,4.2037
2025-01-09,3.9487
2025-01-10,4.0109
2025-01-11,4.1051
2025-01-12,4.0169
2025-01-13,4.123
2025-01-14,4.1378
2025-01-15,4.1012
2025-01-16,4.0475
2025-01-17,4.1875
2025-01-18,4.2455
2025-01-19,4.3672
2025-01-20,4.3383
2025-01-21,4.3763
2025-01-22,4.3393
2025-01-23,4.3108
2025-01-24,4.2927
2025-01-25,4.2471
2025-01-26,4.2527
2025-01-27,4.1901
2025-01-28,4.1987
2025-01-29,4.4313
2025-01-30,4.4979
2025-01-31,4.5812
2025-02-01,4.5587
2025-02-02,4.5719
2025-02-03,4.6029
2025-02-04,4.5665
2025-02-05,4.5794
2025-02-06,4.627
2025-02-07,4.7141
2025-02-08,4.8027
2025-02-09,4.7429
2025-02-10,4.8829
2025-02-11,4.9255
2025-02-12,4.7769
2025-02-13,4.496
2025-02-14,4.2983
2025-02-15,4.2546
2025-02-16,4.282
2025-02-17,4.1504
2025-02-18,4.0351
2025-02-19,4.0742
2025-02-20,3.8925
2025-02-21,3.7676
2025-02-22,3.7423
2025-02-23,3.735
2025-02-24,3.7267
2025-02-25,3.6955
2025-02-26,3.5205
2025-02-27,3.6586
2025-02-28,3.7412
2025-03-01,3.7508
2025-03-02,3.7609
2025-03-03,3.7414
2025-03-04,3.5537
2025-03-05,3.4188
2025-03-06,3.3041
2025-03-07,3.2715
2025-03-08,3.1979
2025-03-09,3.2591
2025-03-10,3.3888
2025-03-11,3.6319
2025-03-12,3.6393
2025-03-13,3.5757
2025-03-14,3.5781
2025-03-15,3.6528
2025-03-16,3.6339
2025-03-17,3.5608
2025-03-18,3.3857
2025-03-19,3.5744
2025-03-20,3.4325
2025-03-21,3.5578
2025-03-22,3.5799
2025-03-23,3.6238
2025-03-24,3.5315
2025-03-25,3.447
2025-03-26,3.3312
2025-03-27,3.3235
2025-03-28,3.2834
2025-03-29,3.2709
2025-03-30,3.2439
2025-03-31,3.2577
2025-04-01,3.4062
2025-04-02,3.4045
2025-04-03,3.3069
2025-04-04,3.0876
2025-04-05,3.009
2025-04-06,3.0
2025-04-07,3.011
2025-04-08,3.0094
2025-04-09,2.914
2025-04-10,2.8451
2025-04-11,2.8064
2025-04-12,2.8271
2025-04-13,2.8025
2025-04-14,2.8613
2025-04-15,2.8723
2025-04-16,2.9198
2025-04-17,2.9574
2025-04-18,2.9924
2025-04-19,2.9584
2025-04-20,2.9853
2025-04-21,3.0394
2025-04-22,2.9509
2025-04-23,2.8958
2025-04-24,2.8025
2025-04-25,2.7338
2025-04-26,2.6277
2025-04-27,2.6058
2025-04-28,2.6538
2025-04-29,2.6029
2025-04-30,2.634
2025-05-01,2.5591
2025-05-02,2.6473
2025-05-03,2.6452
2025-05-04,2.6757
2025-05-05,2.7285
2025-05-06,2.7916
2025-05-07,2.8345
2025-05-08,3.3133
2025-05-09,2.8362
2025-05-10,2.6471
2025-05-11,2.6651
2025-05-12,2.7149
2025-05-13,2.8099
2025-05-14,2.7197
2025-05-15,2.869
2025-05-16,2.7254
2025-05-17,2.8766
2025-05-18,2.9291
2025-05-19,2.8706
2025-05-20,2.9936
2025-05-21,2.9895
2025-05-22,2.9987
2025-05-23,2.989
2025-05-24,3.0166
2025-05-25,2.9491
2025-05-26,3.0645
2025-05-27,3.0776
2025-05-28,2.9973
2025-05-29,2.8553
2025-05-30,2.741
2025-05-31,2.6074
2025-06-01,2.6549
2025-06-02,2.7755
2025-06-03,2.8741
2025-06-04,2.8776
2025-06-05,2.9744
2025-06-06,2.987
2025-06-07,2.9117
2025-06-08,2.8955
2025-06-09,2.8531
2025-06-10,2.7803
2025-06-11,2.8988
2025-06-12,2.9404
2025-06-13,3.0688
2025-06-14,3.0576
2025-06-15,3.1251
2025-06-16,3.1523
2025-06-17,3.1881
2025-06-18,3.2104
2025-06-19,3.3895
2025-06-20,3.3666
2025-06-21,3.3218
2025-06-22,3.4201
2025-06-23,3.3013
2025-06-24,2.9875
2025-06-25,2.8402
2025-06-26,2.6816
2025-06-27,2.6491
2025-06-28,2.6589
2025-06-29,2.666
2025-06-30,2.6491
2025-07-01,2.7356
2025-07-02,2.7347
2025-07-03,2.7072
2025-07-04,2.6883
2025-07-05,2.6818
2025-07-06,2.6845
2025-07-07,2.6898
2025-07-08,2.7704
2025-07-09,2.8044
2025-07-10,2.8471
2025-07-11,2.8664
2025-07-12,2.8693
2025-07-13,2.9025
2025-07-14,2.8789
2025-07-15,2.7558
2025-07-16,2.9527
2025-07-17,2.8938
2025-07-18,2.7451
2025-07-19,2.7336
2025-07-20,2.7696
2025-07-21,2.762
2025-07-22,2.7351
2025-07-23,2.7117
2025-07-24,2.6945
2025-07-25,2.6966
2025-07-26,2.6702
2025-07-27,2.674
2025-07-28,2.6914
2025-07-29,2.8216
2025-07-30,2.8161
2025-07-31,2.8562
2025-08-01,2.7526
2025-08-02,2.8316
2025-08-03,2.7775
2025-08-04,2.7474
2025-08-05,2.7767
2025-08-06,2.7316
2025-08-07,2.6569
2025-08-08,2.6105
2025-08-09,2.6038
2025-08-10,2.6529
2025-08-11,2.7296
2025-08-12,2.7333
2025-08-13,2.7238
2025-08-14,2.6826
2025-08-15,2.5828
2025-08-16,2.5507
2025-08-17,2.5936
2025-08-18,2.6187
2025-08-19,2.5958
2025-08-20,2.699
2025-08-21,2.7708
2025-08-22,2.8245
2025-08-23,2.8322
2025-08-24,2.8171
2025-08-25,2.8356
2025-08-26,2.838
2025-08-27,2.7723
2025-08-28,2.6808
2025-08-29,2.6604
2025-08-30,2.6858
2025-08-31,2.6909
2025-09-01,2.6876
2025-09-02,2.6698
2025-09-03,2.6632
2025-09-04,2.6768
2025-09-05,2.6733
2025-09-06,2.6633
2025-09-07,2.6769
2025-09-08,2.7365
2025-09-09,2.7713
2025-09-10,2.772
2025-09-11,2.7099
2025-09-12,2.7311
2025-09-13,2.7079
2025-09-14,2.7304
2025-09-15,2.6737
2025-09-16,2.7137
2025-09-17,2.7072
2025-09-18,2.7696
2025-09-19,2.7443
2025-09-20,2.7298
2025-09-21,2.717
2025-09-22,2.7293
2025-09-23,2.7272
2025-09-24,2.7069
2025-09-25,2.7186
2025-09-26,2.755
2025-09-27,2.7445
2025-09-28,2.7741
2025-09-29,2.7389
2025-09-30,2.6665
2025-10-01,2.5941
2025-10-02,2.4394
2025-10-03,2.4296
2025-10-04,2.6997
2025-10-05,2.723
2025-10-06,2.8473
2025-10-07,2.9218
2025-10-08,2.8667
2025-10-09,2.8381
2025-10-10,2.798
2025-10-11,2.79
2025-10-12,2.8247
2025-10-13,2.7591
2025-10-14,2.7404
2025-10-15,2.7552
2025-10-16,2.7764
2025-10-17,2.7349
2025-10-18,2.7087
2025-10-19,2.6872
2025-10-20,2.5557
2025-10-21,2.4958
2025-10-22,2.6429
2025-10-23,2.6456
2025-10-24,2.6693
2025-10-25,2.6581
2025-10-26,2.6936
2025-10-27,2.6087
2025-10-28,2.5588
2025-10-29,2.65
2025-10-30,2.5783
2025-10-31,2.5196
2025-11-01,2.4964
2025-11-02,2.5114
2025-11-03,2.554
2025-11-04,2.6312
2025-11-05,2.5829
2025-11-06,2.5597
2025-11-07,2.6142
2025-11-08,2.4818
2025-11-09,2.5071
2025-11-10,2.4353
2025-11-11,2.1145
2025-11-12,2.2539
2025-11-13,2.3425
2025-11-14,2.4826
2025-11-15,2.4846
2025-11-16,2.3921
2025-11-17,2.7477
2025-11-18,2.8838
2025-11-19,2.799
2025-11-20,2.8102
2025-11-21,2.7316
2025-11-22,2.6841
2025-11-23,2.6227
2025-11-24,2.6613
2025-11-25,2.6668
2025-11-26,2.6242
2025-11-27,2.5723
2025-11-28,2.5638
2025-11-29,2.5008
2025-11-30,2.5095
2025-12-01,2.4781
2025-12-02,2.4686
2025-12-03,2.4781
2025-12-04,2.3472
2025-12-05,2.3563
2025-12-06,2.334
2025-12-07,2.319
2025-12-08,2.3063
2025-12-09,2.3644
2025-12-10,2.346
2025-12-11,2.3243
2025-12-12,2.4246
2025-12-13,2.4256
2025-12-14,2.4108
